2.638759909,2,6.183446712
2.638759909,4,6.183446712
10.040120454,4,1.282902494
10.069145397,2,1.282902494
11.323022948,4,1.271292517
11.352047891,2,1.242267574
12.594315465,2,1.294512472
12.594315465,4,1.294512472
13.888827937,2,1.149387755
13.888827937,4,1.149387755
15.038215692,2,0.150929705
15.038215692,4,0.150929705
15.589689615,2,0.133514739
15.589689615,4,0.150929705
16.164383492,4,0.853333333
16.181798458,2,0.667573696
17.006106848,2,0.104489796
17.006106848,4,0.104489796
17.278941315,2,0.104489796
17.278941315,4,0.104489796
17.551775782,2,0.104489796
17.551775782,4,0.104489796
17.836220227,2,0.104489796
17.836220227,4,0.104489796
18.091639728,2,0.104489796
18.091639728,4,0.104489796
18.457354014,2,0.580498866
18.457354014,4,0.580498866
19.670596644,2,1.207437642
19.676401633,4,1.190022676
20.866424308,4,1.207437642
20.878034286,2,1.207437642
22.073861950,4,1.259682540
22.085471927,2,1.248072562
23.333544490,4,1.131972789
23.333544490,2,1.166802721
24.465517279,4,0.197369615
24.500347211,2,0.185759637
25.034406168,4,0.197369615
25.034406168,2,0.272834467
25.585880091,4,0.812698413
25.609100045,2,0.789478458
26.398578503,2,0.150929705
26.398578503,4,0.150929705
26.659802993,4,0.133514739
26.659802993,2,0.150929705
26.915222494,4,0.116099773
26.915222494,2,0.133514739
27.182251973,4,0.127709751
27.188056961,2,0.116099773
27.304156735,2,0.000022676
27.426061497,2,0.133514739
27.426061497,4,0.133514739
27.762750839,4,0.476009070
27.774360816,2,0.470204082
29.893181678,4,0.296054422
29.898986667,2,0.307664399
30.189236100,4,0.313469388
30.206651066,2,0.290249433
30.491095510,2,0.510839002
30.502705488,4,0.528253968
32.575086440,4,2.240725624
32.638941315,2,2.176870748
34.815812063,2,0.371519274
34.815812063,4,0.371519274
35.187331338,4,1.097142857
35.187331338,2,1.149387755
36.290279184,4,1.131972789
36.336719093,2,1.079727891
37.416446984,2,0.179954649
37.422251973,4,0.179954649
37.991140862,2,0.156734694
37.996945850,4,0.156734694
38.612274649,4,0.179954649
38.641299592,2,0.162539683
40.812365351,4,0.290249433
40.812365351,2,0.296054422
41.102614785,4,0.226394558
41.108419773,2,0.214784580
41.433499138,2,0.330884354
41.433499138,4,0.342494331
43.691639728,2,2.287165533
43.691639728,4,2.292970522
45.978805261,4,0.354104308
45.984610249,2,0.348299320
46.327104580,4,1.219047619
46.332909569,2,1.213242630
47.540347211,4,1.079727891
47.540347211,2,1.091337868
48.620075102,4,0.139319728
48.631685079,2,0.162539683
49.229598912,4,0.110294785
49.229598912,2,0.133514739
49.334088707,2.5,0.000022676
49.850732698,2,0.156734694
49.856537687,4,0.127709751
50.866605714,4,0.568888889
51.168465125,2,0.272834467
51.441299592,2,0.859138322
51.447104580,4,0.296054422
51.743159002,4,0.249614512
51.992773515,4,0.563083900
52.300437914,2,1.068117914
52.555857415,4,0.267029478
52.822886893,4,0.284444444
53.107331338,4,0.522448980
53.368555828,2,1.073922902
53.629780317,4,0.278639456
53.908419773,4,0.272834467
54.187059229,4,0.510839002
54.442478730,2,0.789478458
54.703703220,4,0.267029478
54.970732698,4,0.261224490
55.231957188,4,0.272834467
55.504791655,4,0.272834467
55.510596644,2,0.139319728
55.777626122,4,0.272834467
56.050460590,4,0.267029478
56.056265578,2,0.121904762
56.317490068,4,0.278639456
56.596129524,4,0.255419501
56.607739501,2,0.772063492
56.845744036,4,0.255419501
57.101163537,4,0.272834467
57.379802993,2,0.255419501
57.379802993,4,0.516643991
57.635222494,2,0.261224490
57.896446984,2,0.255419501
57.896446984,4,0.255419501
58.151866485,2,0.284444444
58.151866485,4,0.290249433
58.436310930,2,0.267029478
58.436310930,4,0.545668934
58.709145397,2,0.922993197
58.981979864,4,0.261224490
59.243204354,4,0.156734694
59.487013878,4,0.545668934
59.771458322,2,1.044897959
60.026877823,4,0.272834467
60.299712290,4,0.243809524
60.543521814,4,0.516643991
60.816356281,2,1.039092971
61.060165805,4,0.261224490
61.315585306,4,0.284444444
61.600029751,4,0.510839002
61.855449252,2,1.062312925
62.116673741,4,0.284444444
62.401118186,4,0.278639456
62.685562630,4,0.499229025
62.917762177,2,0.835918367
63.184791655,4,0.272834467
63.457626122,4,0.249614512
63.707240635,4,0.278639456
63.974270113,4,0.243809524
63.980075102,2,0.081269841
64.223884626,4,0.290249433
64.514134059,2,0.139319728
64.514134059,4,0.261224490
64.769553560,4,0.284444444
65.053998005,4,0.255419501
65.059802993,2,0.795283447
65.309417506,4,0.267029478
65.576446984,4,0.272834467
65.855086440,2,0.272834467
65.855086440,4,0.534058957
66.127920907,2,0.255419501
66.383340408,2,0.284444444
66.389145397,4,0.284444444
66.661979864,2,0.296054422
66.673589841,4,0.243809524
66.917399365,4,0.267029478
66.952229297,2,0.238004535
67.184428844,4,0.290249433
67.190233832,2,0.922993197
67.480483265,4,0.255419501
67.741707755,4,0.145124717
67.985517279,4,0.278639456
68.264156735,4,0.267029478
68.531186213,4,0.267029478
68.798215692,4,0.267029478
69.071050159,4,0.290249433
69.349689615,2,0.162539683
69.355494603,4,0.621133787
69.651549025,2,0.145124717
69.970823401,2,0.127709751
69.976628390,4,0.249614512
70.226242902,4,0.121904762
70.348147664,4,0.139319728
70.487467392,4,0.121904762
70.609372154,4,0.127709751
70.737081905,4,0.133514739
70.870596644,4,0.179954649
71.050551293,4,0.156734694
71.213090975,4,0.139319728
71.352410703,4,0.139319728
71.491730431,4,0.313469388
71.805199819,4,1.375782313
71.805199819,2,4.626575964
73.175177143,4,0.429569161
73.604746304,4,0.412154195
74.016900499,4,0.905578231
74.922478730,4,1.468662132
76.391140862,4,0.116099773
76.507240635,4,0.087074830
76.594315465,4,0.075464853
76.722025215,4,0.058049887
76.803295057,4,0.104489796
76.907784853,4,0.075464853
77.006469660,4,0.145124717
77.139984399,2,1.039092971
77.151594376,4,0.226394558
77.372183946,4,0.267029478
77.639213424,4,0.267029478
77.906242902,4,0.522448980
78.179077370,2,1.010068027
78.428691882,4,0.255419501
78.684111383,4,0.272834467
78.951140862,4,0.452789116
79.189145397,2,0.139319728
79.456174875,4,0.551473923
79.705789388,2,0.307664399
80.007648798,4,0.127709751
80.141163537,4,0.121904762
80.263068299,4,0.644353741
80.263068299,2,0.650158730
81.029326803,4,0.261224490
81.290551293,4,0.267029478
81.557580771,4,0.255419501
81.818805261,4,0.255419501
82.074224762,4,0.278639456
82.318034286,2,0.133514739
82.352864218,4,0.609523810
82.614088707,2,0.139319728
82.881118186,2,0.156734694
82.962388027,4,0.243809524
83.206197551,4,0.121904762
83.328102313,4,0.127709751
83.455812063,4,0.133514739
83.589326803,4,0.127709751
83.717036553,4,0.127709751
83.844746304,4,0.168344671
84.013090975,4,0.156734694
84.169825669,4,0.133514739
84.303340408,4,0.110294785
84.465880091,4,0.301859410
84.767739501,4,1.433832200
84.814179410,2,4.980680272
86.201571701,4,0.441179138
86.642750839,4,0.464399093
87.107149932,4,0.893968254
88.006923175,4,1.799546485
89.806469660,4,0.104489796
89.910959456,4,0.104489796
90.015449252,4,0.046439909
90.119939048,4,0.058049887
90.212818866,4,0.058049887
90.311503673,4,0.069659864
90.415993469,4,0.092879819
90.555313197,4,0.278639456
90.555313197,2,1.050702948
90.833952653,4,0.249614512
91.083567166,4,0.255419501
91.338986667,4,0.499229025
91.606016145,2,1.021678005
91.838215692,4,0.278639456
92.116855147,4,0.249614512
92.366469660,4,0.528253968
92.627694150,2,0.063854875
92.894723628,4,0.551473923
93.138533152,2,0.058049887
93.446197551,4,0.092879819
93.539077370,4,0.145124717
93.684202086,2,0.307664399
93.684202086,4,0.539863946
94.450460590,2,0.284444444
94.723295057,4,0.946213152
94.734905034,2,0.267029478
95.001934512,2,0.249614512
95.251549025,2,0.238004535
95.489553560,2,0.267029478
95.750778050,4,1.015873016
95.756583039,2,0.255419501
96.012002540,2,0.278639456
96.290641995,2,0.104489796
96.511231565,2,0.296054422
96.778261043,4,0.969433107
96.807285986,2,0.208979592
97.016265578,2,0.232199546
97.248465125,2,0.249614512
97.498079637,2,0.272834467
97.753499138,4,0.992653061
97.770914104,2,0.214784580
97.985698685,2,0.139319728
98.246923175,2,0.139319728
98.502342676,2,0.255419501
98.746152200,4,0.348299320
98.757762177,2,0.267029478
99.024791655,2,0.243809524
99.256991202,4,0.423764172
99.268601179,2,0.249614512
99.518215692,2,0.243809524
99.756220227,4,0.737233560
99.762025215,2,0.220589569
99.982614785,2,0.278639456
100.261254240,2,0.232199546
100.493453787,4,0.232199546
100.499258776,2,0.162539683
100.725653333,2,0.092879819
100.725653333,4,0.249614512
100.975267846,2,0.249614512
100.975267846,4,0.249614512
101.224882358,2,0.232199546
101.224882358,4,0.232199546
101.457081905,2,0.255419501
101.457081905,4,0.255419501
101.712501406,2,0.232199546
101.712501406,4,0.859138322
101.944700952,2,0.232199546
102.176900499,2,0.121904762
102.432320000,2,0.284444444
102.699349478,4,0.975238095
102.716764444,2,0.226394558
102.943159002,2,0.238004535
103.181163537,2,0.249614512
103.430778050,2,0.255419501
103.674587574,4,0.928798186
103.686197551,2,0.238004535
103.924202086,2,0.238004535
104.162206621,2,0.232199546
104.394406168,2,0.261224490
104.638215692,4,0.981043084
104.655630658,2,0.232199546
104.887830204,2,0.232199546
105.120029751,2,0.243809524
105.363839274,2,0.261224490
105.619258776,4,0.922993197
105.625063764,2,0.145124717
105.851458322,2,0.127709751
106.106877823,2,0.191564626
106.321662404,2,0.272834467
106.582886893,4,0.435374150
106.594496871,2,0.255419501
106.849916372,2,0.249614512
107.099530884,2,0.243809524
107.099530884,4,0.429569161
107.343340408,2,0.243809524
107.569734966,4,0.743038549
107.587149932,2,0.069659864
107.830959456,2,0.249614512
108.080573968,2,0.232199546
108.312773515,4,0.226394558
108.318578503,2,0.127709751
108.539168073,2,0.075464853
108.539168073,4,0.249614512
108.788782585,4,0.238004535
108.800392562,2,0.238004535
109.026787120,4,0.255419501
109.038397098,2,0.249614512
109.282206621,4,0.238004535
109.288011610,2,0.243809524
109.520211156,4,0.859138322
109.531821134,2,0.150929705
109.775630658,2,0.226394558
110.007830204,2,0.150929705
110.263249705,2,0.243809524
110.507059229,2,0.249614512
110.756673741,2,0.249614512
110.756673741,4,0.249614512
111.006288254,2,0.261224490
111.006288254,4,0.261224490
111.267512744,4,0.267029478
111.267512744,2,0.272834467
111.534542222,3,0.110294785
111.534542222,4,0.864943311
111.540347211,2,0.859138322
111.795766712,3,0.121904762
112.062796190,3,0.330884354
112.399485533,2,0.267029478
112.399485533,4,0.267029478
112.666515011,4,0.284444444
112.666515011,2,0.290249433
112.950959456,4,0.284444444
112.956764444,2,0.278639456
113.235403900,2,0.348299320
113.235403900,4,0.348299320
113.583703220,4,0.522448980
113.583703220,2,0.534058957
114.106152200,4,1.201632653
114.117762177,2,1.770521542
114.135177143,3,4.545306122
115.307784853,4,0.150929705
115.452909569,4,0.145124717
115.598034286,4,0.110294785
115.708329070,4,0.179954649
115.888283719,2,0.412154195
115.888283719,4,0.412154195
116.300437914,2,0.673378685
116.300437914,4,0.679183673
116.973816599,2,1.718276644
116.979621587,4,1.642811791
118.622433379,4,0.255419501
118.872047891,2,0.087074830
118.877852880,4,1.050702948
119.139077370,2,0.284444444
119.423521814,2,0.261224490
119.684746304,2,0.249614512
119.928555828,4,0.992653061
119.934360816,2,0.069659864
120.189780317,2,0.255419501
120.445199819,2,0.238004535
120.683204354,2,0.238004535
120.921208889,2,0.058049887
120.921208889,4,0.081269841
121.147603447,2,0.255419501
121.403022948,4,0.145124717
121.403022948,2,0.243809524
121.646832472,2,0.267029478
121.902251973,4,0.772063492
121.913861950,2,0.069659864
122.169281451,2,0.243809524
122.413090975,2,0.255419501
122.668510476,2,0.261224490
122.929734966,2,0.255419501
123.150324535,4,0.249614512
123.185154467,2,0.226394558
123.399939048,4,0.255419501
123.411549025,2,0.249614512
123.655358549,4,0.290249433
123.661163537,2,0.284444444
123.933998005,2,0.000022676
123.945607982,3,0.278639456
123.945607982,2,0.905578231
123.945607982,4,0.905578231
124.224247438,3,0.278639456
124.502886893,3,0.609523810
124.851186213,2,0.261224490
124.851186213,4,0.261224490
125.112410703,2,0.301859410
125.112410703,4,0.301859410
125.414270113,2,0.272834467
125.414270113,4,0.272834467
125.687104580,2,0.348299320
125.687104580,4,0.348299320
126.035403900,4,0.563083900
126.035403900,2,0.650158730
126.598487800,4,1.300317460
126.685562630,2,1.799546485
126.708782585,3,4.597551020
127.898805261,4,0.162539683
128.061344943,4,0.145124717
128.206469660,4,0.121904762
128.328374422,4,0.156734694
128.485109116,2,0.412154195
128.485109116,4,0.412154195
128.897263311,2,0.621133787
128.897263311,4,0.621133787
129.518397098,4,1.793741497
129.518397098,2,1.869206349
131.312138594,4,0.284444444
131.579168073,2,0.098684807
131.596583039,4,0.992653061
131.846197551,2,0.249614512
132.095812063,2,0.249614512
132.345426576,2,0.249614512
132.589236100,4,0.986848073
132.595041088,2,0.075464853
132.844655601,2,0.243809524
133.088465125,2,0.238004535
133.326469660,2,0.249614512
133.576084172,2,0.087074830
133.576084172,4,0.150929705
133.808283719,2,0.255419501
134.063703220,2,0.185759637
134.063703220,4,0.191564626
134.301707755,2,0.278639456
134.562932245,4,0.714013605
134.580347211,2,0.069659864
134.824156735,2,0.267029478
135.091186213,2,0.098684807
135.416265578,3,0.046439909
135.416265578,2,0.069659864
135.532365351,3,0.075464853
135.532365351,2,0.092879819
135.660075102,2,0.069659864
135.660075102,3,0.116099773
135.660075102,4,1.056507937
135.950324535,2,0.075464853
135.950324535,3,0.075464853
136.078034286,3,0.075464853
136.078034286,2,0.081269841
136.182524082,2,0.081269841
136.182524082,3,0.087074830
136.472773515,2,0.075464853
136.472773515,3,0.075464853
136.757217959,2,0.946213152
136.757217959,3,0.946213152
136.757217959,4,0.946213152
137.047467392,1,0.092879819
137.157762177,1,0.104489796
137.285471927,1,0.110294785
137.395766712,1,0.098684807
137.517671474,1,0.087074830
137.622161270,1,0.098684807
137.749871020,3,0.296054422
137.761480998,2,0.284444444
137.778895964,1,0.557278912
137.778895964,4,0.557278912
138.045925442,2,0.127709751
138.045925442,3,0.127709751
138.173635193,2,0.121904762
138.173635193,3,0.121904762
138.295539955,2,0.156734694
138.295539955,3,0.156734694
138.423249705,1,0.127709751
138.521934512,3,0.092879819
138.527739501,2,0.098684807
138.550959456,1,0.121904762
138.672864218,1,0.139319728
138.806378957,2,1.004263039
138.806378957,4,1.033287982
138.812183946,1,0.110294785
138.812183946,3,1.004263039
138.951503673,1,0.127709751
139.079213424,1,0.139319728
139.218533152,1,0.127709751
139.346242902,1,0.110294785
139.456537687,1,0.116099773
139.572637460,1,0.116099773
139.717762177,1,0.168344671
139.862886893,3,0.116099773
139.862886893,4,0.232199546
139.874496871,2,0.121904762
139.886106848,1,0.116099773
139.978986667,3,0.110294785
139.996401633,2,0.104489796
140.129916372,3,0.087074830
140.135721361,2,0.075464853
140.263431111,3,0.098684807
140.263431111,2,0.104489796
140.402750839,3,0.127709751
140.402750839,4,0.156734694
140.414360816,2,0.121904762
140.420165805,1,0.150929705
140.547875556,2,0.110294785
140.553680544,3,0.069659864
140.658170340,3,0.075464853
140.658170340,2,0.081269841
140.785880091,3,0.116099773
140.791685079,2,0.104489796
140.942614785,3,0.116099773
140.942614785,2,0.121904762
140.954224762,4,0.249614512
140.960029751,1,0.783673469
141.058714558,3,0.110294785
141.064519546,2,0.121904762
141.209644263,3,0.098684807
141.215449252,2,0.098684807
141.354768980,3,0.092879819
141.360573968,2,0.092879819
141.476673741,3,0.174149660
141.476673741,2,0.179954649
141.743703220,1,0.226394558
141.755313197,4,0.127709751
141.761118186,2,0.133514739
141.766923175,3,0.197369615
141.859802993,3,0.145124717
141.987512744,4,0.121904762
141.999122721,3,0.220589569
142.004927710,1,0.081269841
142.004927710,2,0.116099773
142.109417506,3,0.127709751
142.237127256,4,0.098684807
142.242932245,2,0.081269841
142.242932245,3,0.208979592
142.260347211,1,0.075464853
142.359032018,3,0.127709751
142.486741769,2,0.121904762
142.486741769,3,0.226394558
142.527376689,4,0.127709751
142.544791655,1,0.087074830
142.614451519,3,0.098684807
142.753771247,4,0.121904762
142.753771247,2,0.133514739
142.771186213,3,0.185759637
142.776991202,1,0.116099773
142.869871020,3,0.121904762
142.980165805,4,0.824308390
142.991775782,2,0.121904762
143.009190748,1,0.087074830
143.113680544,2,0.133514739
143.247195283,3,0.121904762
143.276220227,1,0.058049887
143.369100045,3,0.127709751
143.496809796,3,0.150929705
143.496809796,2,0.156734694
143.537444717,1,0.232199546
143.850914104,3,0.081269841
143.856719093,2,0.075464853
143.978623855,2,0.075464853
143.978623855,3,0.075464853
144.088918639,4,1.131972789
144.390778050,3,0.092879819
144.390778050,2,0.098684807
144.501072834,3,0.104489796
144.501072834,2,0.110294785
144.617172608,3,0.110294785
144.617172608,2,0.116099773
144.901617052,3,0.098684807
144.913227029,2,0.092879819
145.232501406,3,1.033287982
145.232501406,2,1.039092971
145.232501406,4,1.068117914
145.569190748,1,0.116099773
145.685290522,1,0.104489796
145.807195283,1,0.110294785
145.929100045,1,0.116099773
146.062614785,1,0.092879819
146.178714558,1,0.075464853
146.306424308,3,0.313469388
146.312229297,2,0.307664399
146.312229297,4,0.760453515
146.318034286,1,0.592108844
146.619893696,2,0.110294785
146.619893696,3,0.110294785
146.730188481,2,0.121904762
146.730188481,3,0.121904762
146.852093243,2,0.133514739
146.852093243,3,0.133514739
146.985607982,2,0.145124717
146.985607982,3,0.145124717
146.991412971,1,0.139319728
147.037852880,1,0.000022676
147.130732698,3,0.046439909
147.130732698,2,0.052244898
147.130732698,1,0.098684807
147.229417506,1,0.133514739
147.380347211,1,0.092879819
147.380347211,3,0.986848073
147.380347211,2,0.998458050
147.403567166,4,0.975238095
147.508056961,1,0.104489796
147.635766712,1,0.145124717
147.780891429,1,0.127709751
147.908601179,1,0.104489796
148.013090975,1,0.127709751
148.140800726,1,0.063854875
148.280120454,1,0.139319728
148.419440181,4,0.539863946
148.425245170,3,0.092879819
148.425245170,2,0.098684807
148.431050159,1,0.116099773
148.535539955,2,0.058049887
148.535539955,3,0.063854875
148.692274649,3,0.075464853
148.698079637,2,0.081269841
148.849009342,3,0.133514739
148.999939048,4,0.545668934
149.011549025,2,0.139319728
149.011549025,1,0.162539683
149.017354014,3,0.133514739
149.150868753,2,0.092879819
149.150868753,3,0.110294785
149.284383492,2,0.069659864
149.290188481,3,0.110294785
149.429508209,3,0.116099773
149.563022948,3,0.104489796
149.563022948,2,0.110294785
149.563022948,4,0.772063492
149.563022948,1,0.801088435
149.708147664,3,0.063854875
149.708147664,2,0.069659864
149.818442449,3,0.069659864
149.818442449,2,0.087074830
149.957762177,3,0.104489796
149.957762177,2,0.110294785
150.085471927,3,0.121904762
150.091276916,2,0.121904762
150.352501406,2,0.092879819
150.352501406,3,0.179954649
150.352501406,4,0.197369615
150.364111383,1,0.145124717
150.462796190,3,0.156734694
150.613725896,4,0.174149660
150.625335873,2,0.081269841
150.625335873,1,0.110294785
150.625335873,3,0.174149660
150.735630658,3,0.081269841
150.857535420,3,0.179954649
150.869145397,2,0.081269841
150.869145397,1,0.098684807
150.869145397,4,0.133514739
150.996855147,3,0.098684807
151.136174875,2,0.174149660
151.141979864,3,0.185759637
151.147784853,4,0.162539683
151.171004807,1,0.127709751
151.246469660,3,0.150929705
151.391594376,1,0.092879819
151.397399365,4,0.133514739
151.397399365,3,0.203174603
151.397399365,2,0.208979592
151.496084172,3,0.127709751
151.635403900,2,0.116099773
151.635403900,4,0.772063492
151.647013878,3,0.092879819
151.676038821,1,0.063854875
151.739893696,2,0.127709751
151.739893696,3,0.162539683
151.890823401,2,0.116099773
151.896628390,1,0.098684807
151.902433379,3,0.104489796
152.006923175,2,0.145124717
152.006923175,3,0.162539683
152.169462857,3,0.330884354
152.186877823,2,0.301859410
152.239122721,1,0.226394558
152.500347211,2,0.121904762
152.622251973,2,0.133514739
152.755766712,2,0.139319728
152.895086440,2,0.168344671
153.022796190,3,0.133514739
153.063431111,2,0.121904762
153.156310930,3,0.145124717
153.185335873,2,0.121904762
153.301435646,3,0.116099773
153.307240635,2,0.116099773
153.417535420,3,0.110294785
153.423340408,2,0.139319728
153.527830204,3,0.156734694
153.562660136,2,0.116099773
153.678759909,2,0.145124717
153.835494603,2,0.301859410
154.137354014,2,0.307664399
154.445018413,2,0.098684807
154.543703220,2,0.255419501
154.799122721,2,0.121904762
154.921027483,2,0.145124717
155.066152200,2,0.121904762
155.188056961,2,0.162539683
155.350596644,2,0.121904762
155.472501406,2,0.162539683
155.635041088,2,0.121904762
155.756945850,2,0.162539683
155.919485533,2,0.092879819
156.012365351,2,0.168344671
156.325834739,2,0.499229025
157.991866485,2,0.110294785
158.102161270,2,0.110294785
158.212456054,2,0.168344671
158.380800726,2,0.116099773
158.496900499,2,0.127709751
158.624610249,2,0.121904762
158.746515011,2,0.150929705
158.897444717,2,0.133514739
159.030959456,2,0.133514739
159.164474195,2,0.133514739
159.297988934,2,0.185759637
159.483748571,2,0.133514739
159.617263311,2,0.098684807
159.715948118,2,0.133514739
159.849462857,2,0.156734694
160.006197551,2,0.121904762
160.128102313,2,0.133514739
160.261617052,2,0.104489796
160.366106848,2,0.197369615
160.563476463,2,0.110294785
160.673771247,2,0.145124717
160.818895964,2,0.098684807
160.917580771,2,0.208979592
161.126560363,2,0.098684807
161.225245170,2,0.116099773
161.341344943,2,0.110294785
161.451639728,2,0.162539683
161.614179410,2,0.394739229
162.008918639,2,0.168344671
162.177263311,2,0.487619048
162.664882358,2,0.139319728
162.804202086,2,0.121904762
162.926106848,2,0.139319728
163.065426576,2,0.145124717
163.210551293,2,0.116099773
163.326651066,2,0.110294785
163.436945850,2,0.116099773
163.553045624,2,0.127709751
163.680755374,2,0.150929705
163.831685079,2,0.325079365
164.156764444,2,0.319274376
164.476038821,2,0.336689342
164.812728163,2,0.127709751
164.940437914,2,0.145124717
165.085562630,2,0.121904762
165.207467392,2,0.174149660
165.381617052,2,0.127709751
165.509326803,2,0.156734694
165.666061497,2,0.133514739
165.799576236,2,0.139319728
165.938895964,2,0.145124717
166.084020680,2,0.174149660
166.403295057,2,1.549931973
167.953227029,2,0.139319728
168.092546757,2,0.116099773
168.208646531,2,0.162539683
168.371186213,2,0.116099773
168.487285986,2,0.127709751
168.614995737,2,0.145124717
168.760120454,2,0.284444444
169.044564898,2,0.458594104
169.503159002,2,0.150929705
169.654088707,2,0.092879819
169.746968526,2,0.133514739
169.880483265,2,0.174149660
170.054632925,2,0.243809524
170.298442449,2,0.336689342
170.635131791,2,0.121904762
170.757036553,2,0.127709751
170.884746304,2,0.121904762
171.006651066,2,0.168344671
171.174995737,2,0.139319728
171.314315465,2,0.238004535
171.552320000,2,0.197369615
171.749689615,2,0.232199546
171.981889161,2,0.121904762
172.103793923,2,0.127709751
172.231503673,2,0.139319728
172.370823401,2,0.133514739
172.504338141,2,0.121904762
172.626242902,2,0.133514739
172.759757642,2,0.203174603
172.962932245,2,0.644353741
173.607285986,2,0.290249433
173.897535420,2,0.307664399
174.205199819,2,0.301859410
174.507059229,2,0.313469388
174.820528617,2,0.261224490
175.081753107,2,0.342494331
175.424247438,2,0.597913832
176.022161270,2,0.296054422
176.318215692,2,0.261224490
176.643295057,2,0.301859410
176.945154467,2,0.249614512
177.194768980,2,0.284444444
177.479213424,2,0.354104308
177.833317732,2,0.121904762
177.955222494,2,0.121904762
178.077127256,2,0.150929705
178.228056961,2,0.168344671
178.396401633,2,0.133514739
178.529916372,2,0.278639456
178.808555828,2,0.208979592
179.017535420,2,0.098684807
179.116220227,2,0.261224490
179.377444717,2,0.156734694
179.534179410,2,0.133514739
179.667694150,2,0.145124717
179.812818866,2,0.133514739
179.946333605,2,0.185759637
180.132093243,2,0.133514739
180.265607982,2,0.139319728
180.404927710,2,0.110294785
180.515222494,2,0.185759637
180.700982132,2,0.110294785
180.811276916,2,0.174149660
180.985426576,2,0.075464853
181.060891429,2,0.179954649
181.240846077,2,0.145124717
181.385970794,2,0.127709751
181.513680544,2,0.301859410
181.815539955,2,0.330884354
182.146424308,2,0.354104308
182.500528617,2,0.307664399
182.808193016,2,0.557278912
183.365471927,2,0.319274376
183.684746304,2,0.301859410
183.986605714,2,0.290249433
184.276855147,2,0.284444444
184.561299592,2,0.301859410
184.903793923,2,0.319274376
185.223068299,2,0.290249433
185.513317732,2,0.104489796
185.617807528,2,0.179954649
185.797762177,2,0.354104308
186.151866485,2,0.278639456
186.430505941,2,0.301859410
186.732365351,2,0.278639456
187.011004807,2,0.325079365
187.336084172,2,0.127709751
187.463793923,2,0.150929705
187.614723628,2,0.127709751
187.742433379,2,0.203174603
187.945607982,2,0.098684807
188.044292789,2,0.272834467
188.317127256,2,0.185759637
188.502886893,2,0.116099773
188.618986667,2,0.139319728
188.758306395,2,0.133514739
188.891821134,2,0.145124717
189.036945850,2,0.156734694
189.193680544,2,0.116099773
189.309780317,2,0.325079365
189.634859683,2,0.116099773
189.750959456,2,0.145124717
189.896084172,2,0.127709751
190.023793923,2,0.185759637
190.209553560,2,0.110294785
190.319848345,2,0.139319728
190.459168073,2,0.255419501
190.755222494,2,0.150929705
190.906152200,2,0.406349206
191.312501406,2,0.336689342
191.649190748,2,0.139319728
191.788510476,2,0.145124717
191.933635193,2,0.127709751
192.061344943,2,0.150929705
192.212274649,2,0.121904762
192.334179410,2,0.156734694
192.490914104,2,0.127709751
192.618623855,2,0.116099773
192.763748571,2,0.116099773
192.879848345,2,0.121904762
193.083022948,2,0.319274376
193.402297324,2,0.278639456
193.733181678,2,0.284444444
194.017626122,2,0.116099773
194.133725896,2,0.139319728
194.273045624,2,0.127709751
194.400755374,2,0.145124717
194.545880091,2,0.121904762
194.667784853,2,0.133514739
194.801299592,2,0.150929705
194.952229297,2,0.150929705
195.103159002,2,0.406349206
195.573363084,2,0.597913832
197.175539955,2,0.220589569
197.512229297,2,0.319274376
197.831503673,2,0.313469388
198.144973061,2,0.301859410
198.446832472,2,0.330884354
198.777716825,2,0.336689342
199.114406168,2,0.290249433
199.404655601,2,0.325079365
199.729734966,2,0.319274376
200.049009342,2,0.075464853
200.124474195,2,0.162539683
200.287013878,2,0.075464853
200.362478730,2,0.092879819
200.455358549,2,0.168344671
200.623703220,2,0.301859410
200.925562630,2,0.139319728
201.064882358,2,0.121904762
201.186787120,2,0.319274376
201.506061497,2,0.319274376
201.860165805,2,0.307664399
202.167830204,2,0.150929705
202.318759909,2,0.139319728
202.458079637,2,0.127709751
202.585789388,2,0.156734694
202.742524082,2,0.121904762
202.864428844,2,0.162539683
203.026968526,2,0.139319728
203.166288254,2,0.139319728
203.305607982,2,0.116099773
203.421707755,2,0.162539683
203.648102313,2,0.232199546
203.880301859,2,0.098684807
203.978986667,2,0.348299320
204.327285986,2,0.075464853
204.402750839,2,0.272834467
204.675585306,2,0.121904762
204.797490068,2,0.133514739
204.931004807,2,0.150929705
205.081934512,2,0.145124717
205.227059229,2,0.133514739
205.360573968,2,0.139319728
205.499893696,2,0.162539683
205.662433379,2,0.487619048
206.440301859,2,0.743038549
208.025063764,2,0.226394558
208.384973061,2,0.348299320
208.733272381,2,0.626938776
209.360211156,2,0.255419501
209.685290522,2,0.325079365
210.010369887,2,0.272834467
210.283204354,2,0.354104308
210.637308662,2,0.400544218
211.037852880,2,0.203174603
211.241027483,2,0.052244898
211.293272381,2,0.238004535
211.531276916,2,0.330884354
211.862161270,2,0.116099773
211.978261043,2,0.156734694
212.134995737,2,0.313469388
212.448465125,2,0.388934240
212.837399365,2,0.702403628
213.603657868,2,0.121904762
213.725562630,2,0.174149660
213.899712290,2,0.139319728
214.039032018,2,0.156734694
214.195766712,2,0.116099773
214.311866485,2,0.145124717
214.456991202,2,0.127709751
214.584700952,2,0.139319728
214.724020680,2,0.127709751
214.851730431,2,0.145124717
214.996855147,2,0.127709751
215.124564898,2,0.133514739
215.258079637,2,0.116099773
215.374179410,2,0.150929705
215.525109116,2,0.249614512
215.838578503,2,0.116099773
215.954678277,2,0.150929705
216.105607982,2,0.110294785
216.215902766,2,0.150929705
216.366832472,2,0.110294785
216.477127256,2,0.168344671
216.645471927,2,0.098684807
216.744156735,2,0.145124717
216.889281451,2,0.104489796
216.993771247,2,0.150929705
217.144700952,2,0.116099773
217.260800726,2,0.156734694
217.417535420,2,0.104489796
217.522025215,2,0.179954649
217.701979864,2,0.354104308
218.056084172,2,0.087074830
218.143159002,2,0.150929705
218.294088707,2,0.092879819
218.386968526,2,0.197369615
218.584338141,2,0.092879819
218.677217959,2,0.145124717
218.822342676,2,0.098684807
218.921027483,2,0.208979592
219.130007075,2,0.075464853
219.205471927,2,0.156734694
219.362206621,2,0.098684807
219.460891429,2,0.145124717
219.606016145,2,0.133514739
219.739530884,2,0.139319728
219.878850612,2,0.127709751
220.006560363,2,0.168344671
220.174905034,2,0.098684807
220.273589841,2,0.168344671
220.441934512,2,0.110294785
220.552229297,2,0.168344671
220.720573968,2,0.092879819
220.813453787,2,0.133514739
220.987603447,2,0.098684807
221.086288254,2,0.162539683
221.248827937,2,0.104489796
221.353317732,2,0.162539683
221.515857415,2,0.116099773
221.631957188,2,0.145124717
221.777081905,2,0.092879819
221.869961723,2,0.174149660
222.044111383,2,0.400544218
222.444655601,2,0.121904762
222.566560363,2,0.133514739
222.734905034,2,0.145124717
222.880029751,2,0.156734694
223.036764444,2,0.261224490
223.297988934,2,0.127709751
223.425698685,2,0.133514739
223.559213424,2,0.127709751
223.686923175,2,0.150929705
223.837852880,2,0.127709751
223.965562630,2,0.133514739
224.099077370,2,0.116099773
224.215177143,2,0.139319728
224.354496871,2,0.255419501
224.679576236,2,0.116099773
224.795676009,2,0.168344671
224.964020680,2,0.116099773
225.080120454,2,0.150929705
225.231050159,2,0.121904762
225.352954921,2,0.162539683
225.515494603,2,0.104489796
225.619984399,2,0.168344671
225.788329070,2,0.081269841
225.869598912,2,0.179954649
226.049553560,2,0.127709751
226.177263311,2,0.145124717
226.322388027,2,0.110294785
226.432682812,2,0.174149660
226.606832472,2,0.319274376
226.926106848,2,0.087074830
227.013181678,2,0.139319728
227.152501406,2,0.296054422
227.448555828,2,0.092879819
227.541435646,2,0.150929705
227.692365351,2,0.092879819
227.785245170,2,0.226394558
228.011639728,2,0.069659864
228.081299592,2,0.156734694
228.238034286,2,0.098684807
228.336719093,2,0.145124717
228.481843810,2,0.139319728
228.621163537,2,0.139319728
228.760483265,2,0.127709751
228.888193016,2,0.174149660
229.062342676,2,0.110294785
229.172637460,2,0.162539683
229.335177143,2,0.110294785
229.445471927,2,0.179954649
229.625426576,2,0.063854875
229.689281451,2,0.145124717
229.869236100,2,0.104489796
229.973725896,2,0.179954649
230.153680544,2,0.110294785
230.263975329,2,0.168344671
230.432320000,2,0.116099773
230.548419773,2,0.150929705
230.699349478,2,0.104489796
230.803839274,2,0.179954649
230.983793923,2,0.365714286
231.349508209,2,0.092879819
231.442388027,2,0.069659864
231.512047891,2,0.150929705
231.662977596,2,0.145124717
231.808102313,2,0.116099773
231.924202086,2,0.139319728
232.063521814,2,0.121904762
232.185426576,2,0.116099773
232.301526349,2,0.121904762
232.423431111,2,0.174149660
232.597580771,2,0.127709751
232.725290522,2,0.261224490
232.986515011,2,0.162539683
233.149054694,2,0.116099773
233.265154467,2,0.150929705
233.416084172,2,0.092879819
233.508963991,2,0.179954649
233.688918639,2,0.110294785
233.799213424,2,0.145124717
233.944338141,2,0.110294785
234.054632925,2,0.139319728
234.193952653,2,0.139319728
234.333272381,2,0.145124717
234.478397098,2,0.092879819
234.571276916,2,0.301859410
234.873136327,2,1.056507937
236.933907302,2,0.150929705
237.084837007,2,0.121904762
237.206741769,2,0.150929705
237.357671474,2,0.104489796
237.462161270,2,0.156734694
237.618895964,2,0.087074830
237.705970794,2,0.255419501
237.961390295,2,0.104489796
238.065880091,2,0.145124717
238.211004807,2,0.092879819
238.303884626,2,0.156734694
238.460619320,2,0.116099773
238.576719093,2,0.150929705
238.727648798,2,0.110294785
238.837943583,2,0.150929705
239.023703220,2,0.116099773
239.139802993,2,0.121904762
239.290732698,2,0.104489796
239.395222494,2,0.179954649
239.575177143,2,0.104489796
239.679666939,2,0.150929705
239.830596644,2,0.110294785
239.940891429,2,0.162539683
240.103431111,2,0.110294785
240.213725896,2,0.127709751
240.382070567,2,0.290249433
240.672320000,2,0.110294785
240.782614785,2,0.150929705
240.933544490,2,0.383129252
241.316673741,2,0.098684807
241.415358549,2,0.127709751
241.543068299,2,0.272834467
241.815902766,2,0.116099773
241.932002540,2,0.139319728
242.071322268,2,0.121904762
242.193227029,2,0.116099773
242.309326803,2,0.121904762
242.431231565,2,0.162539683
242.593771247,2,0.412154195
243.005925442,2,0.052244898
243.058170340,2,0.081269841
243.139440181,2,0.127709751
243.267149932,2,0.145124717
243.412274649,2,0.121904762
243.534179410,2,0.139319728
243.673499138,2,0.127709751
243.801208889,2,0.150929705
243.952138594,2,0.098684807
244.050823401,2,0.139319728
244.190143129,2,0.127709751
244.317852880,2,0.162539683
244.480392562,2,0.075464853
244.555857415,2,0.325079365
244.880936780,2,1.642811791
246.686288254,2,0.139319728
246.825607982,2,0.139319728
246.964927710,2,0.121904762
247.086832472,2,0.150929705
247.237762177,2,0.104489796
247.342251973,2,0.162539683
247.504791655,2,0.081269841
247.586061497,2,0.255419501
247.841480998,2,0.110294785
247.951775782,2,0.150929705
248.102705488,2,0.087074830
248.189780317,2,0.156734694
248.346515011,2,0.116099773
248.462614785,2,0.150929705
248.613544490,2,0.116099773
248.729644263,2,0.191564626
248.921208889,2,0.098684807
249.019893696,2,0.156734694
249.176628390,2,0.110294785
249.286923175,2,0.174149660
249.461072834,2,0.110294785
249.571367619,2,0.139319728
249.710687347,2,0.092879819
249.803567166,2,0.191564626
249.995131791,2,0.092879819
250.088011610,2,0.162539683
250.250551293,2,0.313469388
250.564020680,2,0.116099773
250.680120454,2,0.185759637
250.865880091,2,0.098684807
250.964564898,2,0.307664399
251.272229297,2,0.116099773
251.388329070,2,0.185759637
251.574088707,2,0.098684807
251.672773515,2,0.104489796
251.777263311,2,0.110294785
251.887558095,2,0.110294785
251.997852880,2,0.081269841
252.079122721,2,0.104489796
252.183612517,2,0.284444444
252.468056961,2,0.075464853
252.543521814,2,0.214784580
252.758306395,2,0.127709751
252.886016145,2,0.208979592
253.094995737,2,0.319274376
253.414270113,2,0.087074830
253.501344943,2,0.087074830
253.588419773,2,0.092879819
253.681299592,2,0.098684807
253.779984399,2,0.092879819
253.872864218,2,0.104489796
253.977354014,2,0.104489796
254.081843810,2,0.133514739
254.215358549,2,0.087074830
254.302433379,2,0.290249433
254.592682812,2,0.174149660
254.766832472,2,0.110294785
254.877127256,2,0.104489796
254.981617052,2,0.179954649
255.161571701,2,0.081269841
255.242841542,2,0.220589569
255.463431111,2,0.110294785
255.573725896,2,0.179954649
255.753680544,2,0.104489796
255.858170340,2,0.081269841
255.939440181,2,0.110294785
256.049734966,2,0.179954649
256.229689615,2,0.121904762
256.351594376,2,0.092879819
256.444474195,2,0.098684807
256.543159002,2,0.098684807
256.641843810,2,0.069659864
256.711503673,2,0.197369615
256.908873288,2,0.098684807
257.007558095,2,0.098684807
257.106242902,2,0.098684807
257.204927710,2,0.087074830
257.292002540,2,0.092879819
257.384882358,2,0.133514739
257.518397098,2,0.098684807
257.617081905,2,0.092879819
257.709961723,2,0.121904762
257.831866485,2,0.092879819
257.924746304,2,0.098684807
258.023431111,2,0.116099773
258.139530884,2,0.104489796
258.244020680,2,0.197369615
258.441390295,2,0.075464853
258.516855147,2,0.110294785
258.627149932,2,0.208979592
258.836129524,2,0.133514739
258.969644263,2,0.081269841
259.050914104,2,0.185759637
259.236673741,2,0.110294785
259.346968526,2,0.116099773
259.463068299,2,0.179954649
259.643022948,2,0.150929705
259.793952653,2,0.156734694
259.950687347,2,0.307664399
260.258351746,2,0.087074830
260.345426576,2,0.104489796
260.449916372,2,0.092879819
260.542796190,2,0.330884354
260.914315465,2,0.133514739
261.047830204,2,0.185759637
261.233589841,2,0.081269841
261.314859683,2,0.243809524
261.558669206,2,0.104489796
261.663159002,2,0.069659864
261.732818866,2,0.121904762
261.854723628,2,0.174149660
262.028873288,2,0.104489796
262.133363084,2,0.179954649
262.313317732,2,0.121904762
262.435222494,2,0.127709751
262.562932245,2,0.220589569
262.783521814,2,0.110294785
262.893816599,2,0.092879819
262.986696417,2,0.104489796
263.091186213,2,0.098684807
263.189871020,2,0.104489796
263.294360816,2,0.104489796
263.398850612,2,0.092879819
263.491730431,2,0.098684807
263.590415238,2,0.098684807
263.689100045,2,0.104489796
263.793589841,2,0.150929705
263.944519546,2,0.191564626
264.136084172,2,0.069659864
264.205744036,2,0.104489796
264.310233832,2,0.092879819
264.403113651,2,0.104489796
264.507603447,2,0.116099773
264.623703220,2,0.092879819
264.716583039,2,0.069659864
264.786242902,2,0.104489796
264.890732698,2,0.075464853
264.966197551,2,0.110294785
265.076492336,2,0.121904762
265.198397098,2,0.081269841
265.279666939,2,0.104489796
265.384156735,2,0.104489796
265.488646531,2,0.098684807
265.587331338,2,0.092879819
265.680211156,2,0.121904762
265.802115918,2,0.156734694
265.958850612,2,0.226394558
266.185245170,2,0.075464853
266.260710023,2,0.174149660
266.434859683,2,0.104489796
266.539349478,2,0.121904762
266.661254240,2,0.098684807
266.759939048,2,0.098684807
266.858623855,2,0.104489796
266.963113651,2,0.104489796
267.067603447,2,0.092879819
267.160483265,2,0.121904762
267.282388027,2,0.104489796
267.386877823,2,0.098684807
267.485562630,2,0.116099773
267.601662404,2,0.081269841
267.682932245,2,0.104489796
267.787422041,2,0.133514739
267.920936780,2,0.092879819
268.013816599,2,0.058049887
268.071866485,2,0.127709751
268.199576236,2,0.075464853
268.275041088,2,0.104489796
268.379530884,2,0.121904762
268.501435646,2,0.081269841
268.582705488,2,0.116099773
268.698805261,2,0.104489796
268.803295057,2,0.092879819
268.896174875,2,0.081269841
268.977444717,2,0.110294785
269.087739501,2,0.116099773
269.203839274,2,0.058049887
269.261889161,2,0.145124717
269.407013878,2,0.174149660
269.581163537,2,0.133514739
269.714678277,2,0.168344671
269.883022948,2,0.139319728
270.022342676,2,0.098684807
270.121027483,2,0.092879819
270.213907302,2,0.110294785
270.324202086,2,0.342494331
270.666696417,2,0.098684807
270.765381224,2,0.075464853
270.840846077,2,0.110294785
270.951140862,2,0.110294785
271.061435646,2,0.174149660
271.235585306,2,0.208979592
271.444564898,2,0.104489796
271.549054694,2,0.098684807
271.647739501,2,0.081269841
271.729009342,2,0.092879819
271.821889161,2,0.110294785
271.932183946,2,0.092879819
272.025063764,2,0.156734694
272.181798458,2,0.092879819
272.274678277,2,0.104489796
272.379168073,2,0.150929705
272.530097778,2,0.174149660
272.704247438,2,0.156734694
272.860982132,2,0.052244898
272.913227029,2,0.226394558
273.139621587,2,0.179954649
273.319576236,2,0.127709751
273.447285986,2,0.098684807
273.545970794,2,0.104489796
273.650460590,2,0.133514739
273.783975329,2,0.098684807
273.882660136,2,0.087074830
273.969734966,2,0.127709751
274.097444717,2,0.110294785
274.207739501,2,0.098684807
274.306424308,2,0.092879819
274.399304127,2,0.098684807
274.497988934,2,0.063854875
274.561843810,2,0.087074830
274.648918639,2,0.133514739
274.782433379,2,0.592108844
275.374542222,2,1.166802721
276.634224762,2,0.081269841
276.715494603,2,0.087074830
276.802569433,2,0.092879819
276.895449252,2,0.087074830
276.982524082,2,0.145124717
277.127648798,2,0.063854875
277.191503673,2,0.127709751
277.319213424,2,0.127709751
277.446923175,2,0.104489796
277.551412971,2,0.121904762
277.673317732,2,0.098684807
277.772002540,2,0.145124717
277.917127256,2,0.081269841
277.998397098,2,0.092879819
278.091276916,2,0.098684807
278.189961723,2,0.243809524
278.433771247,2,0.179954649
278.613725896,2,0.110294785
278.724020680,2,0.098684807
278.822705488,2,0.081269841
278.903975329,2,0.081269841
278.985245170,2,0.081269841
279.066515011,2,0.243809524
279.310324535,2,0.075464853
279.385789388,2,0.208979592
279.594768980,2,0.133514739
279.728283719,2,0.104489796
279.832773515,2,0.133514739
279.966288254,2,0.255419501
280.221707755,2,0.087074830
280.308782585,2,0.150929705
280.459712290,2,0.121904762
280.581617052,2,0.110294785
280.691911837,2,0.127709751
280.819621587,2,0.116099773
280.935721361,2,0.174149660
281.109871020,2,0.121904762
281.231775782,2,0.098684807
281.330460590,2,0.081269841
281.411730431,2,0.069659864
281.481390295,2,0.075464853
281.556855147,2,0.069659864
281.626515011,2,0.092879819
281.719394830,2,0.081269841
281.800664671,2,0.069659864
281.870324535,2,0.075464853
281.945789388,2,0.087074830
282.032864218,2,0.063854875
282.096719093,2,0.069659864
282.166378957,2,0.092879819
282.259258776,2,0.145124717
282.404383492,2,0.087074830
282.491458322,2,0.069659864
282.561118186,2,0.087074830
282.648193016,2,0.075464853
282.723657868,2,0.087074830
282.810732698,2,0.058049887
282.868782585,2,0.075464853
282.944247438,2,0.098684807
283.042932245,2,0.063854875
283.106787120,2,0.098684807
283.205471927,2,0.075464853
283.280936780,2,0.058049887
283.338986667,2,0.110294785
283.449281451,2,0.052244898
283.501526349,2,0.104489796
283.606016145,2,0.116099773
283.722115918,2,0.278639456
284.000755374,2,0.116099773
284.116855147,2,0.087074830
284.203929977,2,0.098684807
284.302614785,2,0.104489796
284.407104580,2,0.081269841
284.488374422,2,0.063854875
284.552229297,2,0.104489796
284.656719093,2,0.116099773
284.772818866,2,0.087074830
284.859893696,2,0.110294785
284.970188481,2,0.104489796
285.074678277,2,0.104489796
285.179168073,2,0.116099773
285.295267846,2,0.087074830
285.382342676,2,0.092879819
285.475222494,2,0.116099773
285.591322268,2,0.162539683
285.753861950,2,0.098684807
285.852546757,2,0.098684807
285.951231565,2,0.069659864
286.020891429,2,0.116099773
286.136991202,2,0.191564626
286.328555828,2,0.121904762
286.450460590,2,0.075464853
286.525925442,2,0.208979592
286.734905034,2,0.098684807
286.833589841,2,0.191564626
287.025154467,2,0.092879819
287.118034286,2,0.087074830
287.205109116,2,0.150929705
287.356038821,2,0.110294785
287.466333605,2,0.174149660
287.640483265,2,0.104489796
287.744973061,2,0.087074830
287.832047891,2,0.092879819
287.924927710,2,0.354104308
288.279032018,2,0.092879819
288.371911837,2,0.075464853
288.447376689,2,0.116099773
288.563476463,2,0.110294785
288.673771247,2,0.179954649
288.853725896,2,0.208979592
289.062705488,2,0.203174603
289.265880091,2,0.081269841
289.347149932,2,0.104489796
289.451639728,2,0.098684807
289.550324535,2,0.098684807
289.649009342,2,0.179954649
289.828963991,2,0.058049887
289.887013878,2,0.121904762
290.008918639,2,0.133514739
290.142433379,2,0.069659864
290.212093243,2,0.272834467
290.484927710,2,0.098684807
290.583612517,2,0.075464853
290.659077370,2,0.127709751
290.786787120,2,0.197369615
290.984156735,2,0.075464853
291.059621587,2,0.110294785
291.169916372,2,0.203174603
291.373090975,2,0.104489796
291.477580771,2,0.087074830
291.564655601,2,0.098684807
291.663340408,2,0.098684807
291.762025215,2,0.075464853
291.837490068,2,0.098684807
291.936174875,2,0.156734694
292.092909569,2,0.092879819
292.185789388,2,0.121904762
292.307694150,2,1.503492063
294.333635193,2,0.075464853
294.409100045,2,0.087074830
294.496174875,2,0.075464853
294.571639728,2,0.104489796
294.676129524,2,0.121904762
294.798034286,2,0.092879819
294.890914104,2,0.133514739
295.024428844,2,0.145124717
295.169553560,2,0.069659864
295.239213424,2,0.052244898
295.291458322,2,0.087074830
295.378533152,2,0.081269841
295.459802993,2,0.174149660
295.633952653,2,0.063854875
295.697807528,2,0.052244898
295.750052426,2,0.145124717
295.895177143,2,0.069659864
295.964837007,2,0.267029478
296.231866485,2,0.226394558
296.458261043,2,0.116099773
296.574360816,2,0.104489796
296.678850612,2,0.092879819
296.771730431,2,0.087074830
296.858805261,2,0.087074830
296.945880091,2,0.185759637
297.131639728,2,0.092879819
297.224519546,2,0.087074830
297.311594376,2,0.214784580
297.526378957,2,0.098684807
297.625063764,2,0.162539683
297.787603447,2,0.075464853
297.863068299,2,0.075464853
297.938533152,2,0.081269841
298.019802993,2,0.179954649
298.199757642,2,0.208979592
298.408737234,2,0.069659864
298.478397098,2,0.092879819
298.571276916,2,0.075464853
298.646741769,2,0.063854875
298.710596644,2,0.121904762
298.832501406,2,0.087074830
298.919576236,2,0.238004535
299.157580771,2,0.087074830
299.244655601,2,0.098684807
299.343340408,2,0.069659864
299.413000272,2,0.075464853
299.488465125,2,0.075464853
299.563929977,2,0.139319728
299.703249705,2,0.098684807
299.801934512,2,0.075464853
299.877399365,2,0.150929705
300.028329070,2,0.075464853
300.103793923,2,0.075464853
300.179258776,2,0.087074830
300.266333605,2,0.075464853
300.341798458,2,0.075464853
300.417263311,2,0.087074830
300.504338141,2,0.063854875
300.568193016,2,0.075464853
300.643657868,2,0.087074830
300.730732698,2,0.087074830
300.817807528,2,0.156734694
300.974542222,2,0.069659864
301.044202086,2,0.081269841
301.125471927,2,0.104489796
301.229961723,2,0.087074830
301.317036553,2,0.063854875
301.380891429,2,0.098684807
301.479576236,2,0.075464853
301.555041088,2,0.087074830
301.642115918,2,0.127709751
301.769825669,2,0.255419501
302.025245170,2,0.104489796
302.129734966,2,0.104489796
302.234224762,2,0.081269841
302.315494603,2,0.104489796
302.419984399,2,0.087074830
302.507059229,2,0.075464853
302.582524082,2,0.092879819
302.675403900,2,0.087074830
302.762478730,2,0.087074830
302.849553560,2,0.121904762
302.971458322,2,0.098684807
303.070143129,2,0.104489796
303.174632925,2,0.116099773
303.290732698,2,0.174149660
303.464882358,2,0.081269841
303.546152200,2,0.116099773
303.662251973,2,0.069659864
303.731911837,2,0.104489796
303.836401633,2,0.092879819
303.929281451,2,0.075464853
304.004746304,2,0.110294785
304.115041088,2,0.121904762
304.236945850,2,0.087074830
304.324020680,2,0.104489796
304.428510476,2,0.150929705
304.579440181,2,0.133514739
304.712954921,2,0.092879819
304.805834739,2,0.185759637
304.991594376,2,0.092879819
305.084474195,2,0.092879819
305.177354014,2,0.139319728
305.316673741,2,0.092879819
305.409553560,2,0.278639456
305.688193016,2,0.092879819
305.781072834,2,0.087074830
305.868147664,2,0.441179138
306.843385760,2,0.104489796
306.947875556,2,0.121904762
307.069780317,2,0.348299320
307.458714558,2,0.110294785
307.569009342,2,0.127709751
307.696719093,2,0.255419501
308.050823401,2,0.098684807
308.149508209,2,0.133514739
308.283022948,2,0.354104308
308.637127256,2,0.278639456
308.915766712,2,0.185759637
309.240846077,2,0.307664399
309.548510476,2,0.325079365
309.873589841,2,0.110294785
309.983884626,2,0.139319728
310.123204354,2,0.371519274
310.494723628,2,0.075464853
310.570188481,2,0.127709751
310.697898231,2,0.330884354
311.028782585,2,0.278639456
311.307422041,2,0.261224490
311.597671474,2,0.319274376
311.916945850,2,0.058049887
311.974995737,2,0.249614512
312.224610249,2,0.110294785
312.334905034,2,0.139319728
312.474224762,2,0.319274376
312.793499138,2,0.092879819
312.886378957,2,0.150929705
313.037308662,2,0.319274376
313.356583039,2,0.098684807
313.455267846,2,0.145124717
313.600392562,2,0.116099773
313.716492336,2,0.179954649
313.896446984,2,0.110294785
314.006741769,2,0.139319728
314.146061497,2,0.145124717
314.291186213,2,0.133514739
314.424700952,2,0.156734694
314.581435646,2,0.127709751
314.709145397,2,0.133514739
314.842660136,2,0.145124717
314.987784853,2,0.121904762
315.109689615,2,0.156734694
315.266424308,2,0.127709751
315.394134059,2,0.139319728
315.533453787,2,0.121904762
315.655358549,2,0.133514739
315.788873288,2,0.133514739
315.922388027,2,0.121904762
316.044292789,2,0.127709751
316.172002540,2,0.162539683
316.334542222,2,0.325079365
316.659621587,2,0.127709751
316.787331338,2,0.127709751
316.915041088,2,0.330884354
317.245925442,2,0.116099773
317.362025215,2,0.116099773
317.478124989,2,0.325079365
317.803204354,2,0.284444444
318.087648798,2,0.243809524
318.395313197,2,0.301859410
318.697172608,2,0.307664399
319.004837007,2,0.110294785
319.115131791,2,0.121904762
319.237036553,2,0.174149660
319.411186213,2,0.156734694
319.567920907,2,0.087074830
319.654995737,2,0.127709751
319.782705488,2,0.319274376
320.101979864,2,0.296054422
320.398034286,2,0.284444444
320.682478730,2,0.296054422
320.978533152,2,0.267029478
321.280392562,2,0.116099773
321.396492336,2,0.150929705
321.547422041,2,0.319274376
321.866696417,2,0.075464853
321.942161270,2,0.191564626
322.133725896,2,0.063854875
322.197580771,2,0.232199546
322.429780317,2,0.092879819
322.522660136,2,0.156734694
322.679394830,2,0.296054422
322.975449252,2,0.110294785
323.085744036,2,0.121904762
323.236673741,2,0.139319728
323.375993469,2,0.139319728
323.515313197,2,0.133514739
323.648827937,2,0.145124717
323.793952653,2,0.121904762
323.915857415,2,0.162539683
324.078397098,2,0.116099773
324.194496871,2,0.174149660
324.368646531,2,0.098684807
324.467331338,2,0.156734694
324.624066032,2,0.272834467
324.896900499,2,0.092879819
324.989780317,2,0.238004535
325.227784853,2,0.092879819
325.320664671,2,0.069659864
325.390324535,2,0.081269841
325.471594376,2,0.348299320
325.819893696,2,0.296054422
326.115948118,2,0.156734694
326.441027483,2,0.098684807
326.539712290,2,0.162539683
326.702251973,2,0.313469388
327.015721361,2,0.272834467
327.288555828,2,0.249614512
327.607830204,2,0.104489796
327.712320000,2,0.133514739
327.845834739,2,0.313469388
328.159304127,2,0.121904762
328.281208889,2,0.139319728
328.420528617,2,0.307664399
328.728193016,2,0.098684807
328.826877823,2,0.255419501
329.082297324,2,0.359909297
329.442206621,2,0.586303855
331.247558095,2,0.116099773
331.363657868,2,0.127709751
331.491367619,2,0.208979592
331.851276916,2,0.116099773
331.967376689,2,0.133514739
332.100891429,2,0.272834467
332.414360816,2,0.116099773
332.530460590,2,0.110294785
332.640755374,2,0.197369615
332.977444717,2,0.092879819
333.070324535,2,0.139319728
333.209644263,2,0.185759637
333.395403900,2,0.139319728
333.534723628,2,0.110294785
333.645018413,2,0.121904762
333.766923175,2,0.168344671
334.103612517,2,0.110294785
334.213907302,2,0.110294785
334.324202086,2,0.139319728
334.655086440,2,0.092879819
334.747966259,2,0.098684807
334.846651066,2,0.290249433
335.253000272,2,0.121904762
335.374905034,2,0.092879819
335.467784853,2,0.359909297
335.862524082,2,0.110294785
335.972818866,2,0.168344671
336.141163537,2,0.325079365
336.466242902,2,0.284444444
336.750687347,2,0.255419501
337.069961723,2,0.087074830
337.157036553,2,0.139319728
337.296356281,2,0.272834467
337.569190748,2,0.296054422
337.865245170,2,0.284444444
338.149689615,2,0.098684807
338.248374422,2,0.116099773
338.364474195,2,0.319274376
338.683748571,2,0.110294785
338.794043356,2,0.121904762
338.915948118,2,0.301859410
339.217807528,2,0.092879819
339.310687347,2,0.179954649
339.490641995,2,0.261224490
339.856356281,2,0.568888889
341.655902766,2,0.243809524
341.899712290,2,0.179954649
342.224791655,2,0.116099773
342.340891429,2,0.133514739
342.474406168,2,0.197369615
342.811095510,2,0.110294785
342.921390295,2,0.110294785
343.031685079,2,0.348299320
343.379984399,2,0.110294785
343.490279184,2,0.121904762
343.612183946,2,0.249614512
343.943068299,2,0.110294785
344.053363084,2,0.092879819
344.146242902,2,0.203174603
344.500347211,2,0.087074830
344.587422041,2,0.121904762
344.709326803,2,0.145124717
344.924111383,2,0.092879819
345.016991202,2,0.116099773
345.133090975,2,0.104489796
345.237580771,2,0.197369615
345.434950385,2,0.139319728
345.574270113,2,0.168344671
345.742614785,2,0.116099773
345.858714558,2,0.092879819
345.951594376,2,0.052244898
346.003839274,2,0.116099773
346.119939048,2,0.464399093
347.501526349,2,0.284444444
347.785970794,2,0.127709751
347.913680544,2,0.429569161
348.343249705,2,0.267029478
348.726378957,2,0.162539683
348.888918639,2,0.116099773
349.005018413,2,0.296054422
349.301072834,2,0.133514739
349.434587574,2,0.139319728
349.573907302,2,0.116099773
349.690007075,2,0.121904762
349.811911837,2,0.150929705
349.962841542,2,0.249614512
350.212456054,2,0.301859410
350.514315465,2,0.104489796
350.618805261,2,0.284444444
350.903249705,2,0.162539683
351.065789388,2,0.214784580
351.280573968,2,0.139319728
351.419893696,2,0.156734694
351.576628390,2,0.121904762
351.698533152,2,0.127709751
351.826242902,2,0.116099773
351.942342676,2,0.156734694
352.099077370,2,0.104489796
352.203567166,2,0.150929705
352.354496871,2,0.296054422
352.650551293,2,0.110294785
352.760846077,2,0.116099773
352.876945850,2,0.127709751
353.004655601,2,0.179954649
353.184610249,2,0.104489796
353.289100045,2,0.139319728
353.428419773,2,0.110294785
353.538714558,2,0.133514739
353.672229297,2,0.110294785
353.782524082,2,0.145124717
353.927648798,2,0.104489796
354.032138594,2,0.162539683
354.194678277,2,0.069659864
354.264338141,2,0.174149660
354.438487800,2,0.075464853
354.513952653,2,0.168344671
354.682297324,2,0.110294785
354.792592109,2,0.150929705
354.943521814,2,0.261224490
355.204746304,2,0.121904762
355.326651066,2,0.133514739
355.460165805,2,0.127709751
355.587875556,2,0.133514739
355.721390295,2,0.121904762
355.843295057,2,0.116099773
355.959394830,2,0.116099773
356.075494603,2,0.365714286
356.777898231,2,0.110294785
356.888193016,2,0.417959184
357.306152200,2,0.098684807
357.404837007,2,0.116099773
357.520936780,2,0.145124717
357.666061497,2,0.127709751
357.793771247,2,0.133514739
357.927285986,2,0.116099773
358.043385760,2,0.232199546
358.275585306,2,0.377324263
358.652909569,2,0.179954649
358.832864218,2,0.104489796
358.937354014,2,0.272834467
359.210188481,2,0.150929705
359.361118186,2,0.371519274
359.732637460,2,0.133514739
359.866152200,2,0.116099773
359.982251973,2,0.104489796
360.086741769,2,0.121904762
360.208646531,2,0.162539683
360.371186213,2,0.145124717
360.516310930,2,0.139319728
360.655630658,2,0.290249433
360.945880091,2,0.121904762
361.067784853,2,0.116099773
361.183884626,2,0.133514739
361.317399365,2,0.174149660
361.491549025,2,0.092879819
361.584428844,2,0.145124717
361.729553560,2,0.104489796
361.834043356,2,0.133514739
361.967558095,2,0.127709751
362.095267846,2,0.133514739
362.228782585,2,0.121904762
362.350687347,2,0.150929705
362.501617052,2,0.098684807
362.600301859,2,0.139319728
362.739621587,2,0.104489796
362.844111383,2,0.156734694
363.000846077,2,0.139319728
363.140165805,2,0.110294785
363.250460590,2,0.272834467
363.523295057,2,0.110294785
363.633589841,2,0.116099773
363.749689615,2,0.145124717
363.894814331,2,0.127709751
364.022524082,2,0.139319728
364.161843810,2,0.116099773
364.277943583,2,0.116099773
364.394043356,2,0.174149660
364.568193016,2,0.121904762
364.690097778,2,0.139319728
364.829417506,2,0.121904762
364.951322268,2,0.156734694
365.108056961,2,0.261224490
365.369281451,2,0.116099773
365.485381224,2,0.150929705
365.636310930,2,0.110294785
365.746605714,2,0.121904762
365.868510476,2,0.092879819
365.961390295,2,0.145124717
366.106515011,2,0.121904762
366.228419773,2,0.121904762
366.350324535,2,0.110294785
366.460619320,2,0.174149660
366.634768980,2,0.139319728
366.774088707,2,0.110294785
366.884383492,2,0.243809524
367.128193016,2,0.272834467
367.401027483,2,0.075464853
367.476492336,2,0.226394558
367.702886893,2,0.116099773
367.818986667,2,0.185759637
368.004746304,2,0.551473923
369.688193016,2,0.261224490
369.949417506,2,0.081269841
370.030687347,2,0.174149660
370.204837007,2,0.255419501
370.471866485,2,0.261224490
370.733090975,2,0.261224490
370.994315465,2,0.098684807
371.093000272,2,0.150929705
371.243929977,2,0.081269841
371.325199819,2,0.156734694
371.481934512,2,0.116099773
371.598034286,2,0.145124717
371.743159002,2,0.243809524
371.986968526,2,0.110294785
372.097263311,2,0.150929705
372.248193016,2,0.104489796
372.352682812,2,0.116099773
372.468782585,2,0.104489796
372.573272381,2,0.150929705
372.724202086,2,0.121904762
372.846106848,2,0.400544218
373.246651066,2,0.278639456
373.525290522,2,0.133514739
373.658805261,2,0.133514739
373.792320000,2,0.098684807
373.891004807,2,0.127709751
374.018714558,2,0.313469388
374.332183946,2,0.127709751
374.459893696,2,0.139319728
374.599213424,2,0.110294785
374.709508209,2,0.150929705
374.860437914,2,0.116099773
374.976537687,2,0.145124717
375.121662404,2,0.110294785
375.231957188,2,0.127709751
375.359666939,2,0.081269841
375.440936780,2,0.139319728
375.580256508,2,0.110294785
375.690551293,2,0.145124717
375.835676009,2,0.063854875
375.899530884,2,0.208979592
376.108510476,2,0.133514739
376.242025215,2,0.127709751
376.369734966,2,0.249614512
376.619349478,2,0.127709751
376.747059229,2,0.156734694
376.903793923,2,0.127709751
377.031503673,2,0.174149660
377.205653333,2,0.133514739
377.339168073,2,0.150929705
377.490097778,2,0.568888889
379.086469660,2,0.278639456
379.365109116,2,0.116099773
379.481208889,2,0.162539683
379.643748571,2,0.110294785
379.754043356,2,0.150929705
379.904973061,2,0.249614512
380.154587574,2,0.267029478
380.421617052,2,0.255419501
380.677036553,2,0.238004535
380.915041088,2,0.121904762
381.036945850,2,0.127709751
381.164655601,2,0.162539683
381.437490068,2,0.087074830
381.524564898,2,0.150929705
381.675494603,2,0.116099773
381.791594376,2,0.127709751
381.919304127,2,0.255419501
382.174723628,2,0.162539683
382.708782585,2,1.073922902
385.530007075,2,0.400544218
385.930551293,2,0.052244898
385.982796190,2,0.330884354
386.313680544,2,0.319274376
386.632954921,2,0.336689342
386.969644263,2,0.348299320
387.317943583,2,0.145124717
387.463068299,2,0.139319728
387.602388027,2,0.121904762
387.724292789,2,0.179954649
387.904247438,2,0.307664399
388.211911837,2,0.348299320
388.560211156,2,0.348299320
388.908510476,2,0.272834467
389.181344943,2,0.325079365
389.506424308,2,0.336689342
389.843113651,2,0.162539683
390.005653333,2,0.133514739
390.139168073,2,0.301859410
390.441027483,2,0.354104308
390.795131791,2,0.336689342
391.131821134,2,0.325079365
391.456900499,2,0.325079365
391.781979864,2,0.330884354
392.112864218,2,0.319274376
392.432138594,2,0.319274376
392.751412971,2,0.307664399
393.059077370,2,0.383129252
393.442206621,2,0.644353741
394.086560363,2,0.319274376
394.405834739,2,1.364172336
396.826515011,2,0.371519274
397.198034286,2,0.330884354
397.528918639,2,0.296054422
397.824973061,2,0.348299320
398.173272381,2,0.272834467
398.446106848,2,0.307664399
398.753771247,2,0.342494331
399.096265578,2,0.383129252
399.479394830,2,0.354104308
399.833499138,2,0.278639456
400.112138594,2,0.296054422
400.408193016,2,0.325079365
400.733272381,2,0.162539683
400.895812063,2,0.139319728
401.035131791,2,0.307664399
401.342796190,2,0.336689342
401.679485533,2,0.330884354
402.010369887,2,0.307664399
402.318034286,2,0.296054422
402.614088707,2,0.330884354
402.944973061,2,0.325079365
403.270052426,2,0.319274376
403.589326803,2,0.307664399
403.896991202,2,0.388934240
404.285925442,2,0.609523810
404.895449252,2,0.325079365
405.220528617,2,0.661768707
405.882297324,2,0.365714286
406.248011610,2,0.464399093
406.712410703,2,0.400544218
407.112954921,2,0.330884354
407.443839274,2,0.342494331
407.786333605,2,0.255419501
408.128827937,2,0.325079365
408.453907302,2,0.307664399
408.761571701,2,0.348299320
409.109871020,2,0.458594104
409.707784853,2,0.313469388
410.021254240,2,0.325079365
410.346333605,2,0.255419501
410.642388027,2,0.342494331
410.984882358,2,0.325079365
411.309961723,2,0.423764172
411.733725896,2,0.690793651
412.424519546,2,0.719818594
414.073136327,2,0.301859410
414.444655601,2,0.354104308
414.798759909,2,0.626938776
415.425698685,2,0.301859410
415.727558095,2,0.365714286
416.093272381,2,0.400544218
416.691186213,2,0.354104308
417.045290522,2,0.325079365
417.370369887,2,0.290249433
417.660619320,2,0.336689342
417.997308662,2,0.325079365
418.322388027,2,0.325079365
418.647467392,2,0.359909297
419.007376689,2,0.214784580
419.320846077,2,0.325079365
419.645925442,2,0.313469388
419.959394830,2,0.267029478
420.278669206,2,0.325079365
420.603748571,2,0.296054422
420.899802993,2,0.342494331
421.242297324,2,0.301859410
421.544156735,2,0.336689342
421.880846077,2,0.290249433
422.171095510,2,0.325079365
422.496174875,2,0.272834467
422.798034286,2,0.330884354
423.128918639,2,0.359909297
423.488827937,2,0.383129252
423.871957188,2,0.667573696
424.556945850,2,0.824308390
426.292637460,2,0.354104308
426.646741769,2,0.319274376
426.966016145,2,0.632743764
427.598759909,2,0.313469388
427.912229297,2,0.359909297
428.272138594,2,0.400544218
428.875857415,2,0.330884354
429.206741769,2,0.319274376
429.526016145,2,0.296054422
429.822070567,2,0.052244898
429.874315465,2,0.290249433
430.164564898,2,0.348299320
430.512864218,2,0.714013605
432.852274649,2,0.319274376
433.171549025,2,0.835918367
434.007467392,2,0.307664399
434.315131791,2,0.394739229
434.709871020,2,0.162539683
434.872410703,2,0.121904762
434.994315465,2,0.168344671
435.162660136,2,0.284444444
435.447104580,2,0.377324263
435.824428844,2,0.417959184
436.242388027,2,0.278639456
436.521027483,2,0.104489796
436.625517279,2,0.150929705
436.776446984,2,0.127709751
436.904156735,2,0.162539683
437.066696417,2,0.098684807
437.165381224,2,0.156734694
437.322115918,2,0.296054422
437.618170340,2,0.092879819
437.711050159,2,0.168344671
437.879394830,2,0.127709751
438.007104580,2,0.162539683
438.169644263,2,0.243809524
438.413453787,2,0.092879819
438.506333605,2,0.168344671
438.674678277,2,0.098684807
438.773363084,2,0.174149660
438.947512744,2,0.261224490
439.208737234,2,0.098684807
439.307422041,2,0.179954649
439.487376689,2,0.261224490
439.748601179,2,0.214784580
440.015630658,2,0.261224490
440.276855147,2,0.058049887
440.334905034,2,0.203174603
440.538079637,2,0.301859410
440.839939048,2,0.534058957
441.373998005,2,0.255419501
441.693272381,2,0.313469388
442.006741769,2,0.075464853
442.082206621,2,0.179954649
442.262161270,2,0.400544218
442.662705488,2,0.127709751
442.790415238,2,0.290249433
443.080664671,2,0.121904762
443.202569433,2,0.139319728
443.341889161,2,0.075464853
443.417354014,2,0.319274376
443.736628390,2,0.150929705
443.887558095,2,0.307664399
444.195222494,2,0.365714286
444.560936780,2,0.139319728
444.700256508,2,0.278639456
444.978895964,2,0.261224490
445.240120454,2,0.075464853
445.315585306,2,0.150929705
445.466515011,2,0.278639456
445.745154467,2,0.098684807
445.843839274,2,0.150929705
445.994768980,2,0.098684807
446.093453787,2,0.179954649
446.273408435,2,0.116099773
446.389508209,2,0.150929705
446.540437914,2,0.092879819
446.633317732,2,0.174149660
446.807467392,2,0.104489796
446.911957188,2,0.145124717
447.057081905,2,0.092879819
447.149961723,2,0.179954649
447.329916372,2,0.081269841
447.411186213,2,0.179954649
447.591140862,2,0.098684807
447.689825669,2,0.168344671
447.858170340,2,0.261224490
448.119394830,2,0.267029478
448.386424308,2,0.058049887
448.444474195,2,0.214784580
448.659258776,2,0.255419501
448.914678277,2,0.267029478
449.181707755,2,0.296054422
449.477762177,2,0.220589569
449.698351746,2,0.290249433
449.988601179,2,0.116099773
450.104700952,2,0.238004535
450.342705488,2,0.133514739
450.476220227,2,0.150929705
450.627149932,2,0.121904762
450.749054694,2,0.127709751
450.876764444,2,0.104489796
450.981254240,2,0.156734694
451.137988934,2,0.116099773
451.254088707,2,0.127709751
451.381798458,2,0.127709751
451.509508209,2,0.139319728
451.648827937,2,0.121904762
451.770732698,2,0.133514739
451.904247438,2,0.121904762
452.026152200,2,0.139319728
452.165471927,2,0.116099773
452.281571701,2,0.145124717
452.426696417,2,0.127709751
452.554406168,2,0.133514739
452.687920907,2,0.116099773
452.804020680,2,0.127709751
452.931730431,2,0.121904762
453.053635193,2,0.139319728
453.192954921,2,0.110294785
453.303249705,2,0.121904762
453.425154467,2,0.110294785
453.535449252,2,0.139319728
453.674768980,2,0.121904762
453.796673741,2,0.133514739
453.930188481,2,0.156734694
454.086923175,2,0.278639456
454.365562630,2,0.406349206
456.002569433,2,0.284444444
456.287013878,2,0.243809524
456.530823401,2,0.307664399
456.838487800,2,0.296054422
457.134542222,2,0.249614512
457.384156735,2,0.284444444
457.668601179,2,0.272834467
457.941435646,2,0.075464853
458.016900499,2,0.191564626
458.208465125,2,0.272834467
458.481299592,2,0.255419501
458.736719093,2,0.278639456
459.015358549,2,0.377324263
459.392682812,2,0.162539683
459.555222494,2,0.063854875
459.619077370,2,0.191564626
459.810641995,2,0.121904762
459.932546757,2,0.145124717
460.077671474,2,0.412154195
460.489825669,2,0.121904762
460.611730431,2,0.150929705
460.762660136,2,0.121904762
460.884564898,2,0.145124717
461.029689615,2,0.121904762
461.151594376,2,0.145124717
461.296719093,2,0.092879819
461.389598912,2,0.156734694
461.546333605,2,0.127709751
461.674043356,2,0.133514739
461.807558095,2,0.127709751
461.935267846,2,0.133514739
462.068782585,2,0.127709751
462.196492336,2,0.110294785
462.306787120,2,0.116099773
462.422886893,2,0.145124717
462.568011610,2,0.110294785
462.678306395,2,0.139319728
462.817626122,2,0.116099773
462.933725896,2,0.139319728
463.073045624,2,0.121904762
463.194950385,2,0.127709751
463.322660136,2,0.110294785
463.432954921,2,0.150929705
463.583884626,2,0.110294785
463.694179410,2,0.139319728
463.833499138,2,0.121904762
463.955403900,2,0.127709751
464.083113651,2,0.145124717
464.228238367,2,0.412154195
466.352864218,2,0.278639456
466.631503673,2,0.255419501
466.910143129,2,0.092879819
467.003022948,2,0.179954649
467.182977596,2,0.272834467
467.455812063,2,0.075464853
467.531276916,2,0.197369615
467.728646531,2,0.272834467
468.001480998,2,0.075464853
468.076945850,2,0.174149660
468.251095510,2,0.116099773
468.367195283,2,0.168344671
468.535539955,2,0.203174603
468.854814331,2,0.243809524
469.098623855,2,0.162539683
469.261163537,2,0.098684807
469.359848345,2,0.267029478
469.626877823,2,0.127709751
469.754587574,2,0.139319728
469.893907302,2,0.110294785
470.004202086,2,0.121904762
470.126106848,2,0.110294785
470.236401633,2,0.121904762
470.358306395,2,0.116099773
470.474406168,2,0.110294785
470.584700952,2,0.104489796
470.689190748,2,0.133514739
470.822705488,2,0.278639456
471.101344943,2,0.104489796
471.391594376,2,0.179954649
471.676038821,2,0.272834467
471.948873288,2,0.267029478
472.215902766,2,0.226394558
472.488737234,2,0.284444444
472.773181678,2,0.139319728
473.034406168,2,0.116099773
473.313045624,2,0.133514739
473.580075102,2,0.290249433
473.870324535,2,0.116099773
474.137354014,2,0.110294785
474.247648798,2,0.127709751
474.375358549,2,0.150929705
474.653998005,2,0.098684807
474.752682812,2,0.116099773
474.868782585,2,0.156734694
475.164837007,2,0.307664399
475.472501406,2,0.185759637
475.739530884,2,0.145124717
476.047195283,2,0.272834467
476.320029751,2,0.267029478
476.587059229,2,0.272834467
476.859893696,2,0.290249433
477.150143129,2,0.104489796
477.254632925,2,0.127709751
477.382342676,2,0.116099773
477.498442449,2,0.145124717
477.643567166,2,0.110294785
477.753861950,2,0.156734694
477.910596644,2,0.063854875
477.974451519,2,0.156734694
478.131186213,2,0.081269841
478.212456054,2,0.150929705
478.363385760,2,0.249614512
478.653635193,2,0.290249433
478.943884626,2,0.179954649
479.222524082,2,0.156734694
479.501163537,2,0.296054422
479.797217959,2,0.110294785
480.087467392,2,0.174149660
480.366106848,2,0.278639456
480.644746304,2,0.272834467
480.917580771,2,0.255419501
481.196220227,2,0.284444444
481.480664671,2,0.127709751
481.736084172,2,0.121904762
482.014723628,2,0.145124717
482.293363084,2,0.290249433
482.583612517,2,0.116099773
482.862251973,2,0.104489796
482.966741769,2,0.121904762
483.088646531,2,0.150929705
483.384700952,2,0.098684807
483.483385760,2,0.121904762
483.605290522,2,0.145124717
483.901344943,2,0.296054422
484.197399365,2,0.179954649
484.470233832,2,0.156734694
484.772093243,2,0.278639456
485.050732698,2,0.278639456
485.329372154,2,0.267029478
485.596401633,2,0.290249433
485.886651066,2,0.098684807
485.985335873,2,0.139319728
486.124655601,2,0.121904762
486.246560363,2,0.133514739
486.380075102,2,0.104489796
486.484564898,2,0.121904762
486.606469660,2,0.116099773
486.722569433,2,0.150929705
486.873499138,2,0.087074830
486.960573968,2,0.139319728
487.099893696,2,0.272834467
487.372728163,2,0.272834467
487.645562630,2,0.185759637
487.959032018,2,0.092879819
488.051911837,2,0.174149660
488.226061497,2,0.272834467
488.498895964,2,0.098684807
488.597580771,2,0.168344671
488.765925442,2,0.267029478
489.032954921,2,0.278639456
489.311594376,2,0.052244898
489.363839274,2,0.232199546
489.596038821,2,0.092879819
489.688918639,2,0.098684807
489.787603447,2,0.168344671
489.955948118,2,0.220589569
490.176537687,2,0.116099773
490.292637460,2,0.156734694
490.449372154,2,0.267029478
490.716401633,2,0.075464853
490.791866485,2,0.116099773
490.907966259,2,0.092879819
491.000846077,2,0.069659864
491.070505941,2,0.104489796
491.174995737,2,0.081269841
491.256265578,2,0.052244898
491.308510476,2,0.121904762
491.430415238,2,0.133514739
491.563929977,2,0.139319728
491.703249705,2,0.052244898
491.755494603,2,0.092879819
491.848374422,2,0.133514739
491.981889161,2,0.116099773
492.097988934,2,0.203174603
492.301163537,2,0.145124717
492.446288254,2,0.238004535
492.684292789,2,0.505034014
493.189326803,2,1.369977324
494.559304127,2,0.313469388
494.872773515,2,0.290249433
495.163022948,2,0.104489796
495.453272381,2,0.179954649
495.726106848,2,0.133514739
495.859621587,2,0.156734694
496.016356281,2,0.162539683
496.178895964,2,0.116099773
496.294995737,2,0.127709751
496.422705488,2,0.127709751
496.550415238,2,0.127709751
496.678124989,2,0.121904762
496.800029751,2,0.121904762
496.921934512,2,0.162539683
497.084474195,2,0.522448980
497.606923175,2,0.423764172
498.030687347,2,0.116099773
498.146787120,2,0.574693878
498.721480998,2,0.319274376
499.040755374,2,0.249614512
499.290369887,2,0.063854875
499.354224762,2,0.249614512
499.603839274,2,0.272834467
499.876673741,2,0.267029478
500.143703220,2,0.075464853
500.219168073,2,0.075464853
500.294632925,2,0.121904762
500.416537687,2,0.092879819
500.509417506,2,0.081269841
500.590687347,2,0.104489796
500.695177143,2,0.052244898
500.747422041,2,0.296054422
501.043476463,2,0.255419501
501.298895964,2,0.110294785
501.409190748,2,0.145124717
501.554315465,2,0.284444444
501.838759909,2,0.296054422
502.134814331,2,0.261224490
502.396038821,2,0.075464853
502.471503673,2,0.087074830
502.558578503,2,0.052244898
502.610823401,2,0.087074830
502.697898231,2,0.069659864
502.767558095,2,0.063854875
502.831412971,2,0.133514739
502.964927710,2,0.075464853
503.040392562,2,0.092879819
503.133272381,2,0.446984127
503.580256508,2,0.592108844
504.462614785,2,1.509297052
505.971911837,2,0.272834467
506.285381224,2,0.301859410
506.587240635,2,0.116099773
506.871685079,2,0.185759637
507.167739501,2,0.121904762
507.289644263,2,0.156734694
507.446378957,2,0.133514739
507.579893696,2,0.139319728
507.719213424,2,0.139319728
507.858533152,2,0.127709751
507.986242902,2,0.121904762
508.108147664,2,0.127709751
508.235857415,2,0.133514739
508.369372154,2,0.156734694
508.526106848,2,0.377324263
508.903431111,2,0.185759637
509.089190748,2,0.435374150
509.524564898,2,0.139319728
509.663884626,2,1.178412698
513.384882358,2,1.091337868
514.476220227,2,0.568888889
515.045109116,2,0.150929705
515.196038821,2,0.214784580
515.410823401,2,0.127709751
515.538533152,2,0.110294785
515.648827937,2,0.191564626
515.840392562,2,0.609523810
516.449916372,2,0.191564626
516.641480998,2,0.133514739
516.774995737,2,0.342494331
517.117490068,2,0.516643991
517.634134059,2,0.296054422
517.930188481,2,0.255419501
518.185607982,2,1.271292517
519.456900499,2,0.191564626
519.648465125,2,1.102947846
520.751412971,2,0.319274376
521.070687347,2,1.091337868
522.162025215,2,0.156734694
522.318759909,2,0.150929705
522.469689615,2,0.476009070
522.945698685,2,0.185759637
523.131458322,2,0.499229025
523.630687347,2,0.371519274
524.002206621,2,0.197369615
524.199576236,2,0.150929705
524.350505941,2,0.748843537
525.099349478,2,0.284444444
525.383793923,2,0.882358277
526.266152200,2,0.243809524
526.509961723,2,0.516643991
527.026605714,2,0.203174603
527.229780317,2,0.127709751
527.357490068,2,0.133514739
527.491004807,2,0.197369615
527.688374422,2,0.313469388
528.001843810,2,0.127709751
528.129553560,2,0.145124717
528.274678277,2,0.203174603
528.477852880,2,0.127709751
528.605562630,2,0.365714286
528.971276916,2,0.528253968
529.499530884,2,0.284444444
529.783975329,2,0.243809524
530.027784853,2,0.806893424
530.834678277,2,0.412154195
531.246832472,2,0.162539683
531.409372154,2,0.783673469
532.193045624,2,0.580498866
532.773544490,2,1.091337868
533.864882358,2,0.174149660
534.039032018,2,0.325079365
534.364111383,2,0.156734694
534.520846077,2,0.174149660
534.694995737,2,0.174149660
534.869145397,2,0.179954649
535.049100045,2,0.319274376
535.368374422,2,0.185759637
535.554134059,2,0.174149660
535.728283719,2,0.313469388
536.041753107,2,0.429569161
536.471322268,2,0.156734694
536.628056961,2,0.917188209
537.545245170,2,1.102947846
538.683022948,2,0.174149660
538.857172608,2,0.470204082
539.327376689,2,0.121904762
539.449281451,2,0.220589569
539.669871020,2,0.127709751
539.797580771,2,0.156734694
539.954315465,2,0.348299320
540.302614785,2,0.528253968
540.830868753,2,0.214784580
541.045653333,2,0.592108844
544.958215692,2,0.278639456
545.236855147,2,0.139319728
545.376174875,2,0.249614512
545.625789388,2,0.191564626
545.817354014,2,0.423764172
546.241118186,2,0.145124717
546.386242902,2,0.377324263
546.792592109,2,0.267029478
547.059621587,2,0.185759637
547.245381224,2,0.127709751
547.373090975,2,0.139319728
547.512410703,2,0.307664399
547.820075102,2,0.383129252
548.203204354,2,0.174149660
548.377354014,2,0.174149660
548.551503673,2,0.296054422
548.847558095,2,0.307664399
549.201662404,2,0.174149660
549.375812063,2,0.336689342
549.712501406,2,0.824308390
550.536809796,2,0.702403628
551.239213424,2,0.359909297
551.599122721,2,0.400544218
551.999666939,2,0.667573696
552.667240635,2,0.737233560
553.404474195,2,0.313469388
553.717943583,2,0.116099773
553.834043356,2,0.104489796
553.938533152,2,0.185759637
554.124292789,2,0.621133787
554.745426576,2,0.870748299
558.663793923,2,0.249614512
558.913408435,2,0.191564626
559.104973061,2,0.754648526
559.859621587,2,0.139319728
559.998941315,2,0.150929705
560.149871020,2,0.354104308
560.503975329,2,0.296054422
560.800029751,2,0.203174603
561.003204354,2,0.603718821
561.606923175,2,0.377324263
561.984247438,2,0.342494331
562.326741769,2,0.342494331
562.669236100,2,0.342494331
563.011730431,2,0.197369615
563.209100045,2,0.319274376
563.528374422,2,1.253877551
564.782251973,2,0.986848073
566.506333605,2,0.162539683
566.668873288,2,0.092879819
566.761753107,2,0.145124717
566.906877823,2,0.307664399
567.214542222,2,0.174149660
567.388691882,2,0.168344671
567.557036553,2,0.174149660
567.731186213,2,0.168344671
567.899530884,2,0.232199546
568.131730431,2,0.145124717
568.276855147,2,0.168344671
568.445199819,2,0.191564626
568.636764444,2,0.162539683
568.799304127,2,0.174149660
568.973453787,2,0.232199546
569.205653333,2,0.139319728
569.344973061,2,0.191564626
569.536537687,2,0.162539683
569.699077370,2,0.162539683
569.861617052,2,0.179954649
570.041571701,2,0.191564626
570.233136327,2,0.168344671
570.401480998,2,0.168344671
570.569825669,2,0.191564626
570.761390295,2,0.150929705
570.912320000,2,0.179954649
571.092274649,2,0.133514739
571.225789388,2,0.092879819
571.318669206,2,0.162539683
571.481208889,2,0.179954649
571.661163537,2,0.238004535
571.899168073,2,0.174149660
572.073317732,2,0.197369615
572.270687347,2,0.191564626
572.462251973,2,0.162539683
572.624791655,2,0.185759637
572.810551293,2,0.191564626
573.002115918,2,0.156734694
573.158850612,2,0.127709751
573.286560363,2,0.075464853
573.362025215,2,0.185759637
573.547784853,2,0.168344671
573.716129524,2,0.139319728
573.855449252,2,0.081269841
573.936719093,2,0.174149660
574.110868753,2,0.145124717
574.255993469,2,0.185759637
574.441753107,2,0.226394558
574.668147664,2,0.168344671
574.836492336,2,0.174149660
575.010641995,2,0.179954649
575.190596644,2,0.174149660
575.364746304,2,0.168344671
575.533090975,2,0.098684807
575.631775782,2,0.087074830
575.718850612,2,0.098684807
575.817535420,2,0.330884354
576.148419773,2,0.168344671
576.316764444,2,0.162539683
576.479304127,2,0.162539683
576.641843810,2,0.168344671
576.810188481,2,0.220589569
577.030778050,2,0.150929705
577.181707755,2,0.174149660
577.355857415,2,0.185759637
577.541617052,2,0.162539683
577.704156735,2,0.168344671
577.872501406,2,0.238004535
578.110505941,2,0.168344671
578.278850612,2,0.156734694
578.435585306,2,0.179954649
578.615539955,2,0.162539683
578.778079637,2,0.168344671
578.946424308,2,0.238004535
579.184428844,2,0.156734694
579.341163537,2,0.162539683
579.503703220,2,0.197369615
579.701072834,2,0.139319728
579.840392562,2,0.185759637
580.026152200,2,0.116099773
580.142251973,2,0.104489796
580.246741769,2,0.174149660
580.420891429,2,0.179954649
580.600846077,2,0.214784580
580.815630658,2,0.162539683
580.978170340,2,0.174149660
581.152320000,2,0.203174603
581.355494603,2,0.156734694
581.512229297,2,0.174149660
581.686378957,2,0.208979592
581.895358549,2,0.150929705
582.046288254,2,0.139319728
582.185607982,2,0.075464853
582.261072834,2,0.179954649
582.441027483,2,0.162539683
582.603567166,2,0.197369615
582.800936780,2,0.191564626
582.992501406,2,0.127709751
583.120211156,2,0.174149660
583.294360816,2,0.243809524
583.538170340,2,0.174149660
583.712320000,2,0.168344671
583.880664671,2,0.197369615
584.078034286,2,0.168344671
584.246378957,2,0.145124717
584.391503673,2,0.208979592
584.600483265,2,0.267029478
584.867512744,2,0.278639456
585.146152200,2,0.290249433
585.436401633,2,0.238004535
585.755676009,2,0.150929705
585.906605714,2,0.075464853
585.982070567,2,0.081269841
586.063340408,2,0.174149660
586.237490068,2,0.150929705
586.388419773,2,0.150929705
586.539349478,2,0.208979592
586.748329070,2,0.284444444
587.032773515,2,0.307664399
587.340437914,2,0.243809524
587.613272381,2,0.296054422
587.909326803,2,0.145124717
588.054451519,2,0.168344671
588.222796190,2,0.249614512
588.472410703,2,0.296054422
588.768465125,2,0.638548753
590.022342676,2,0.214784580
590.237127256,2,0.156734694
590.393861950,2,0.168344671
590.562206621,2,0.203174603
590.765381224,2,0.156734694
590.922115918,2,0.168344671
591.090460590,2,0.179954649
591.270415238,2,0.156734694
591.427149932,2,0.174149660
591.601299592,2,0.185759637
591.787059229,2,0.168344671
591.955403900,2,0.162539683
592.117943583,2,0.191564626
592.309508209,2,0.052244898
592.361753107,2,0.110294785
592.472047891,2,0.185759637
592.657807528,2,0.185759637
592.843567166,2,0.156734694
593.000301859,2,0.179954649
593.180256508,2,0.203174603
593.383431111,2,0.145124717
593.528555828,2,0.174149660
593.702705488,2,0.168344671
593.958124989,2,0.150929705
594.109054694,2,0.168344671
594.277399365,2,0.139319728
594.416719093,2,0.208979592
594.625698685,2,0.087074830
594.712773515,2,0.301859410
595.014632925,2,0.226394558
595.310687347,2,0.307664399
595.618351746,2,0.145124717
595.763476463,2,0.191564626
595.955041088,2,0.150929705
596.105970794,2,0.081269841
596.187240635,2,0.075464853
596.262705488,2,0.150929705
596.413635193,2,0.197369615
596.611004807,2,0.301859410
596.912864218,2,0.313469388
597.226333605,2,0.278639456
597.504973061,2,0.081269841
597.586242902,2,0.232199546
597.818442449,2,0.174149660
597.992592109,2,0.191564626
598.184156735,2,0.255419501
598.439576236,2,0.290249433
598.793680544,2,0.145124717
598.938805261,2,0.551473923
599.826968526,2,0.226394558
600.053363084,2,0.220589569
600.273952653,2,0.162539683
600.436492336,2,0.174149660
600.610641995,2,0.197369615
600.808011610,2,0.168344671
600.976356281,2,0.162539683
601.138895964,2,0.185759637
601.324655601,2,0.156734694
601.481390295,2,0.179954649
601.661344943,2,0.168344671
601.829689615,2,0.168344671
601.998034286,2,0.168344671
602.166378957,2,0.179954649
602.346333605,2,0.162539683
602.508873288,2,0.185759637
602.694632925,2,0.208979592
602.903612517,2,0.127709751
603.031322268,2,0.185759637
603.217081905,2,0.249614512
603.466696417,2,0.133514739
603.600211156,2,0.185759637
603.785970794,2,0.197369615
604.122660136,2,0.841723356
606.659440181,2,0.133514739
606.792954921,2,0.139319728
606.932274649,2,0.110294785
607.042569433,2,0.145124717
607.222524082,2,0.139319728
607.361843810,2,0.121904762
607.483748571,2,0.104489796
607.588238367,2,0.179954649
607.768193016,2,0.110294785
607.878487800,2,0.133514739
608.012002540,2,0.098684807
608.110687347,2,0.185759637
608.296446984,2,0.098684807
608.395131791,2,0.133514739
608.528646531,2,0.267029478
608.795676009,2,0.098684807
608.894360816,2,0.150929705
609.045290522,2,0.127709751
609.173000272,2,0.162539683
609.335539955,2,0.127709751
609.463249705,2,0.110294785
609.573544490,2,0.121904762
609.695449252,2,0.185759637
609.881208889,2,0.075464853
609.956673741,2,0.145124717
610.101798458,2,0.104489796
610.206288254,2,0.191564626
610.397852880,2,0.087074830
610.484927710,2,0.121904762
610.606832472,2,0.278639456
610.885471927,2,0.092879819
610.978351746,2,0.168344671
611.239576236,2,0.116099773
611.384700952,2,0.133514739
611.518215692,2,0.098684807
611.616900499,2,0.133514739
611.750415238,2,0.127709751
611.878124989,2,0.092879819
611.971004807,2,0.121904762
612.092909569,2,0.116099773
612.209009342,2,0.139319728
612.348329070,2,0.098684807
612.447013878,2,0.121904762
612.568918639,2,0.121904762
612.690823401,2,0.133514739
612.824338141,2,0.116099773
612.940437914,2,0.110294785
613.050732698,2,0.098684807
613.149417506,2,0.133514739
613.282932245,2,0.110294785
613.393227029,2,0.133514739
613.526741769,2,0.127709751
613.654451519,2,0.116099773
613.770551293,2,0.104489796
613.875041088,2,0.156734694
614.031775782,2,0.127709751
614.159485533,2,0.110294785
614.269780317,2,0.127709751
614.397490068,2,0.168344671
614.565834739,2,0.092879819
614.658714558,2,0.133514739
614.792229297,2,0.267029478
615.059258776,2,0.104489796
615.163748571,2,0.174149660
615.337898231,2,0.127709751
615.465607982,2,0.139319728
615.604927710,2,0.110294785
615.715222494,2,0.197369615
615.912592109,2,0.104489796
616.017081905,2,0.139319728
616.156401633,2,0.116099773
616.272501406,2,0.197369615
616.469871020,2,0.104489796
616.574360816,2,0.133514739
616.707875556,2,0.104489796
616.812365351,2,0.168344671
616.980710023,2,0.110294785
617.091004807,2,0.121904762
617.212909569,2,0.127709751
617.340619320,2,0.156734694
617.497354014,2,0.145124717
617.642478730,2,0.110294785
617.752773515,2,0.116099773
617.868873288,2,0.208979592
618.077852880,2,0.087074830
618.164927710,2,0.145124717
618.310052426,2,0.104489796
618.414542222,2,0.174149660
618.588691882,2,0.098684807
618.687376689,2,0.121904762
618.809281451,2,0.110294785
618.919576236,2,0.156734694
619.076310930,2,0.110294785
619.186605714,2,0.162539683
619.349145397,2,0.150929705
619.500075102,2,0.150929705
619.651004807,2,0.121904762
619.772909569,2,0.127709751
619.900619320,2,0.139319728
620.039939048,2,0.150929705
620.190868753,2,0.104489796
620.295358549,2,0.127709751
620.423068299,2,0.116099773
620.539168073,2,0.162539683
620.701707755,2,0.104489796
620.806197551,2,0.127709751
620.933907302,2,0.121904762
621.055812063,2,0.139319728
621.195131791,2,0.121904762
621.317036553,2,0.116099773
621.433136327,2,0.110294785
621.543431111,2,0.139319728
621.682750839,2,0.098684807
621.781435646,2,0.127709751
621.932365351,2,0.116099773
622.048465125,2,0.121904762
622.170369887,2,0.110294785
622.280664671,2,0.133514739
622.414179410,2,0.121904762
622.536084172,2,0.127709751
622.663793923,2,0.110294785
622.774088707,2,0.150929705
622.925018413,2,0.278639456
623.203657868,2,0.121904762
623.325562630,2,0.150929705
623.476492336,2,0.121904762
623.598397098,2,0.150929705
623.749326803,2,0.116099773
623.865426576,2,0.150929705
624.016356281,2,0.116099773
624.132456054,2,0.139319728
624.271775782,2,0.092879819
624.364655601,2,0.191564626
624.556220227,2,0.156734694
624.875494603,2,0.156734694
625.171549025,2,0.058049887
625.229598912,2,0.145124717
625.374723628,2,0.087074830
625.461798458,2,0.069659864
625.531458322,2,0.133514739
625.664973061,2,0.133514739
625.798487800,2,0.150929705
625.949417506,2,0.145124717
626.094542222,2,0.145124717
626.239666939,2,0.162539683
626.402206621,2,0.342494331
626.744700952,2,0.702403628
627.447104580,2,0.841723356
629.281480998,2,1.108752834
630.645653333,2,0.110294785
630.755948118,2,0.087074830
630.889462857,2,0.081269841
630.970732698,2,0.191564626
631.162297324,2,0.116099773
631.278397098,2,0.133514739
631.411911837,2,0.098684807
631.510596644,2,0.104489796
631.696356281,2,0.092879819
631.789236100,2,0.133514739
631.922750839,2,0.110294785
632.033045624,2,0.150929705
632.183975329,2,0.110294785
632.294270113,2,0.133514739
632.427784853,2,0.098684807
632.526469660,2,0.139319728
632.665789388,2,0.081269841
632.793499138,2,0.127709751
632.921208889,2,0.098684807
633.019893696,2,0.156734694
633.176628390,2,0.110294785
633.286923175,2,0.127709751
633.414632925,2,0.203174603
633.675857415,2,0.087074830
633.762932245,2,0.121904762
633.884837007,2,0.110294785
633.995131791,2,0.127709751
634.122841542,2,0.110294785
634.233136327,2,0.121904762
634.355041088,2,0.342494331
634.755585306,2,0.127709751
634.883295057,2,0.150929705
635.034224762,2,0.121904762
635.156129524,2,0.145124717
635.301254240,2,0.110294785
635.411549025,2,0.145124717
635.556673741,2,0.116099773
635.672773515,2,0.127709751
635.800483265,2,0.098684807
635.899168073,2,0.197369615
636.096537687,2,0.174149660
636.270687347,2,0.133514739
636.404202086,2,0.226394558
636.717671474,2,0.336689342
637.054360816,2,0.121904762
637.176265578,2,0.133514739
637.309780317,2,0.139319728
637.449100045,2,0.139319728
637.588419773,2,0.127709751
637.716129524,2,0.156734694
637.872864218,2,0.557278912
638.447558095,2,0.922993197
640.885653333,2,1.050702948
642.580710023,2,0.081269841
642.685199819,2,0.133514739
642.818714558,2,0.098684807
642.917399365,2,0.179954649
643.097354014,2,0.121904762
643.219258776,2,0.104489796
643.352773515,2,0.081269841
643.434043356,2,0.179954649
643.631412971,2,0.110294785
643.741707755,2,0.110294785
643.852002540,2,0.133514739
643.985517279,2,0.133514739
644.119032018,2,0.121904762
644.240936780,2,0.121904762
644.362841542,2,0.092879819
644.455721361,2,0.156734694
644.612456054,2,0.127709751
644.740165805,2,0.116099773
644.856265578,2,0.092879819
644.949145397,2,0.156734694
645.105880091,2,0.116099773
645.221979864,2,0.127709751
645.349689615,2,0.133514739
645.483204354,2,0.121904762
645.605109116,2,0.110294785
645.715403900,2,0.121904762
645.837308662,2,0.127709751
645.965018413,2,0.121904762
646.086923175,2,0.104489796
646.191412971,2,0.232199546
646.423612517,2,0.708208617
648.925562630,2,0.214784580
649.140347211,2,0.261224490
649.494451519,2,0.296054422
649.790505941,2,0.232199546
650.220075102,2,0.267029478
650.533544490,2,0.319274376
650.852818866,2,0.179954649
651.183703220,2,0.336689342
651.520392562,2,0.081269841
651.601662404,2,0.081269841
651.682932245,2,0.104489796
651.787422041,2,0.371519274
652.158941315,2,0.168344671
652.327285986,2,0.232199546
652.693000272,2,0.063854875
652.756855147,2,0.191564626
653.070324535,2,0.267029478
653.389598912,2,0.319274376
653.708873288,2,0.290249433
654.051367619,2,0.081269841
654.132637460,2,0.081269841
654.213907302,2,0.081269841
654.295177143,2,0.342494331
654.637671474,2,0.081269841
654.718941315,2,0.063854875
654.782796190,2,0.104489796
654.887285986,2,0.307664399
655.276220227,2,0.075464853
655.351685079,2,0.069659864
655.421344943,2,0.116099773
655.537444717,2,0.348299320
655.885744036,2,0.307664399
656.193408435,2,0.406349206
656.599757642,2,0.069659864
656.669417506,2,0.098684807
656.768102313,2,0.238004535
657.139621587,2,0.121904762
657.261526349,2,0.116099773
657.377626122,2,0.290249433
657.801390295,2,0.087074830
657.888465125,2,0.133514739
658.021979864,2,0.394739229
658.416719093,2,0.348299320
658.765018413,2,0.441179138
659.206197551,2,0.243809524
659.450007075,2,0.179954649
659.792501406,2,0.313469388
660.105970794,2,0.238004535
660.343975329,2,0.133514739
660.477490068,2,0.243809524
660.779349478,2,0.325079365
661.104428844,2,0.162539683
661.412093243,2,0.162539683
661.748782585,2,0.063854875
661.812637460,2,0.174149660
661.986787120,2,0.301859410
662.317671474,2,0.058049887
662.375721361,2,0.150929705
662.526651066,2,0.272834467
662.915585306,2,0.063854875
662.979440181,2,0.185759637
663.310324535,2,0.290249433
663.635403900,2,0.319274376
663.954678277,2,0.296054422
664.308782585,2,0.075464853
664.384247438,2,0.139319728
664.523567166,2,0.342494331
664.866061497,2,0.087074830
664.953136327,2,0.150929705
665.104066032,2,0.197369615
665.481390295,2,0.232199546
665.713589841,2,0.336689342
666.050279184,2,0.307664399
666.357943583,2,0.330884354
666.781707755,2,0.081269841
666.862977596,2,0.092879819
666.955857415,2,0.162539683
667.321571701,2,0.133514739
667.455086440,2,0.116099773
667.571186213,2,0.307664399
667.983340408,2,0.063854875
668.047195283,2,0.127709751
668.174905034,2,0.330884354
668.505789388,2,0.243809524
668.854088707,2,0.354104308
669.208193016,2,0.179954649
669.388147664,2,0.092879819
669.481027483,2,0.127709751
669.835131791,2,0.133514739
670.154406168,2,0.139319728
670.508510476,2,0.121904762
670.943884626,2,0.325079365
671.268963991,2,0.325079365
671.594043356,2,0.319274376
671.913317732,2,0.238004535
672.151322268,2,0.278639456
672.511231565,2,0.191564626
672.847920907,2,0.255419501
673.213635193,2,0.325079365
673.683839274,2,0.452789116
674.188873288,2,0.290249433
675.042206621,2,0.679183673
676.667603447,2,0.383129252
677.050732698,2,0.191564626
677.404837007,2,0.116099773
677.520936780,2,0.156734694
677.677671474,2,0.214784580
678.037580771,2,0.150929705
678.188510476,2,0.069659864
678.258170340,2,0.121904762
678.380075102,2,0.261224490
678.705154467,2,0.313469388
679.018623855,2,0.185759637
679.332093243,2,0.168344671
679.500437914,2,0.133514739
679.633952653,2,0.319274376
679.988056961,2,0.110294785
680.098351746,2,0.168344671
680.266696417,2,0.052244898
680.318941315,2,0.255419501
680.806560363,2,0.127709751
680.934270113,2,0.330884354
681.265154467,2,0.336689342
681.601843810,2,0.330884354
681.932728163,2,0.087074830
682.019802993,2,0.092879819
682.112682812,2,0.110294785
682.222977596,2,0.185759637
682.571276916,2,0.116099773
682.878941315,2,0.133514739
683.204020680,2,0.121904762
683.639394830,2,0.336689342
683.976084172,2,0.325079365
684.301163537,2,0.313469388
684.614632925,2,0.063854875
684.678487800,2,0.168344671
684.846832472,2,0.145124717
685.195131791,2,0.133514739
685.531821134,2,0.145124717
685.891730431,2,0.156734694
686.332909569,2,0.441179138
686.832138594,2,0.383129252
687.720301859,2,0.667573696
689.426968526,2,0.354104308
689.781072834,2,0.371519274
690.152592109,2,0.081269841
690.233861950,2,0.098684807
690.332546757,2,0.075464853
690.408011610,2,0.214784580
690.779530884,2,0.139319728
690.918850612,2,0.075464853
690.994315465,2,0.116099773
691.110415238,2,0.150929705
691.423884626,2,0.330884354
691.754768980,2,0.174149660
692.068238367,2,0.116099773
692.184338141,2,0.156734694
692.341072834,2,0.342494331
692.834496871,2,0.145124717
692.979621587,2,0.359909297
693.339530884,2,0.174149660
693.594950385,2,0.116099773
693.711050159,2,0.336689342
694.105789388,2,0.203174603
694.599213424,2,0.348299320
695.777626122,2,0.110294785
695.887920907,2,0.162539683
696.050460590,2,0.104489796
696.154950385,2,0.168344671
696.323295057,2,0.092879819
696.416174875,2,0.133514739
696.549689615,2,0.110294785
696.659984399,2,0.145124717
696.805109116,2,0.127709751
696.932818866,2,0.139319728
697.072138594,2,0.104489796
697.176628390,2,0.174149660
697.350778050,2,0.075464853
697.426242902,2,0.156734694
697.582977596,2,0.261224490
697.844202086,2,0.116099773
697.960301859,2,0.156734694
698.117036553,2,0.116099773
698.233136327,2,0.168344671
698.401480998,2,0.092879819
698.494360816,2,0.150929705
698.645290522,2,0.087074830
698.732365351,2,0.139319728
698.871685079,2,0.104489796
698.976174875,2,0.150929705
699.127104580,2,0.104489796
699.231594376,2,0.185759637
699.417354014,2,0.069659864
699.487013878,2,0.179954649
699.666968526,2,0.116099773
699.783068299,2,0.139319728
699.922388027,2,0.116099773
700.038487800,2,0.133514739
700.172002540,2,0.087074830
700.259077370,2,0.156734694
700.415812063,2,0.110294785
700.526106848,2,0.249614512
700.775721361,2,0.168344671
700.944066032,2,0.110294785
701.054360816,2,0.127709751
701.182070567,2,0.110294785
701.292365351,2,0.162539683
701.454905034,2,0.063854875
701.518759909,2,0.203174603
701.721934512,2,0.075464853
701.797399365,2,0.185759637
701.983159002,2,0.081269841
702.064428844,2,0.208979592
702.273408435,2,0.121904762
702.464973061,2,0.098684807
702.563657868,2,0.156734694
702.720392562,2,0.081269841
702.801662404,2,0.168344671
702.970007075,2,0.092879819
703.062886893,2,0.238004535
703.300891429,2,0.179954649
703.480846077,2,0.081269841
703.562115918,2,0.232199546
703.794315465,2,0.435374150
704.229689615,2,0.156734694
704.386424308,2,0.104489796
704.490914104,2,0.145124717
704.636038821,2,0.116099773
704.752138594,2,0.133514739
704.885653333,2,0.092879819
704.978533152,2,0.168344671
705.146877823,2,0.104489796
705.251367619,2,0.162539683
705.413907302,2,0.110294785
705.524202086,2,0.127709751
705.651911837,2,0.058049887
705.709961723,2,0.052244898
705.762206621,2,0.145124717
705.907331338,2,0.098684807
706.006016145,2,0.139319728
706.145335873,2,0.116099773
706.261435646,2,0.145124717
706.406560363,2,0.110294785
706.516855147,2,0.156734694
706.673589841,2,0.104489796
706.778079637,2,0.133514739
706.911594376,2,0.092879819
707.004474195,2,0.139319728
707.143793923,2,0.110294785
707.254088707,2,0.168344671
707.422433379,2,0.092879819
707.515313197,2,0.150929705
707.666242902,2,0.092879819
707.759122721,2,0.150929705
707.910052426,2,0.116099773
708.026152200,2,0.156734694
708.182886893,2,0.104489796
708.287376689,2,0.133514739
708.420891429,2,0.092879819
708.513771247,2,0.168344671
708.682115918,2,0.098684807
708.780800726,2,0.249614512
709.030415238,2,0.179954649
709.210369887,2,0.092879819
709.303249705,2,0.150929705
709.454179410,2,0.092879819
709.547059229,2,0.162539683
709.709598912,2,0.104489796
709.814088707,2,0.145124717
709.959213424,2,0.092879819
710.052093243,2,0.191564626
710.243657868,2,0.191564626
710.435222494,2,0.092879819
710.528102313,2,0.116099773
710.708056961,2,0.092879819
710.800936780,2,0.139319728
710.940256508,2,0.081269841
711.021526349,2,0.168344671
711.189871020,2,0.104489796
711.294360816,2,0.133514739
711.427875556,2,0.092879819
711.520755374,2,0.174149660
711.694905034,2,0.104489796
711.799394830,2,0.179954649
711.979349478,2,0.400544218
712.379893696,2,0.098684807
712.478578503,2,0.145124717
712.623703220,2,0.116099773
712.739802993,2,0.145124717
712.884927710,2,0.098684807
712.983612517,2,0.145124717
713.128737234,2,0.092879819
713.221617052,2,0.197369615
713.418986667,2,0.348299320
713.767285986,2,0.563083900
714.330369887,2,0.255419501
714.585789388,2,0.261224490
714.847013878,2,0.098684807
714.945698685,2,0.127709751
715.073408435,2,0.133514739
715.206923175,2,0.121904762
715.328827937,2,0.092879819
715.421707755,2,0.098684807
715.700347211,2,0.110294785
715.810641995,2,0.162539683
715.973181678,2,0.731428571
716.820710023,2,0.499229025
718.376446984,2,0.081269841
718.457716825,2,0.162539683
718.620256508,2,0.087074830
718.707331338,2,0.162539683
718.869871020,2,0.127709751
718.997580771,2,0.133514739
719.131095510,2,0.081269841
719.212365351,2,0.185759637
719.398124989,2,0.110294785
719.508419773,2,0.174149660
719.682569433,2,0.058049887
719.740619320,2,0.145124717
719.885744036,2,0.127709751
720.013453787,2,0.145124717
720.158578503,2,0.110294785
720.268873288,2,0.145124717
720.413998005,2,0.104489796
720.518487800,2,0.133514739
720.652002540,2,0.104489796
720.756492336,2,0.116099773
720.872592109,2,0.133514739
721.006106848,2,0.168344671
721.174451519,2,0.063854875
721.238306395,2,0.150929705
721.389236100,2,0.162539683
721.551775782,2,0.133514739
721.685290522,2,0.690793651
722.376084172,2,0.330884354
722.706968526,2,0.087074830
722.794043356,2,0.127709751
722.921753107,2,0.121904762
723.043657868,2,0.133514739
723.177172608,2,0.104489796
723.281662404,2,0.127709751
723.409372154,2,0.081269841
723.490641995,2,0.150929705
723.641571701,2,0.359909297
724.001480998,2,0.534058957
724.535539955,2,0.267029478
724.802569433,2,0.092879819
724.895449252,2,0.156734694
725.052183946,2,0.098684807
725.150868753,2,0.127709751
725.278578503,2,0.116099773
725.394678277,2,0.145124717
725.539802993,2,0.104489796
725.644292789,2,0.098684807
725.922932245,2,0.284444444
726.207376689,2,0.725623583
726.933000272,2,0.545668934
728.558397098,2,0.087074830
728.645471927,2,0.139319728
728.784791655,2,0.104489796
728.889281451,2,0.168344671
729.057626122,2,0.127709751
729.185335873,2,0.110294785
729.295630658,2,0.104489796
729.400120454,2,0.168344671
729.568465125,2,0.092879819
729.661344943,2,0.156734694
729.818079637,2,0.092879819
729.910959456,2,0.127709751
730.038669206,2,0.133514739
730.172183946,2,0.150929705
730.323113651,2,0.087074830
730.410188481,2,0.145124717
730.555313197,2,0.098684807
730.653998005,2,0.139319728
730.793317732,2,0.110294785
730.903612517,2,0.087074830
730.990687347,2,0.133514739
731.124202086,2,0.179954649
731.304156735,2,0.092879819
731.397036553,2,0.104489796
731.501526349,2,0.139319728
731.640846077,2,0.098684807
731.739530884,2,0.464399093
732.476764444,2,0.429569161
733.655177143,2,0.261224490
733.916401633,2,0.638548753
734.554950385,2,0.139319728
734.694270113,2,0.429569161
735.123839274,2,0.179954649
735.303793923,2,0.394739229
735.698533152,2,0.330884354
736.029417506,2,0.243809524
736.273227029,2,0.150929705
736.424156735,2,0.179954649
736.604111383,2,0.179954649
736.784066032,2,0.226394558
737.010460590,2,0.121904762
737.132365351,2,0.243809524
737.376174875,2,0.354104308
737.730279184,2,0.191564626
737.921843810,2,0.191564626
738.113408435,2,0.145124717
738.258533152,2,0.261224490
738.519757642,2,0.197369615
738.717127256,2,0.383129252
739.100256508,2,0.185759637
739.286016145,2,0.400544218
739.686560363,2,0.162539683
739.849100045,2,0.174149660
740.023249705,2,0.203174603
740.226424308,2,0.150929705
740.377354014,2,0.365714286
740.743068299,2,0.081269841
740.824338141,2,0.121904762
740.946242902,2,0.139319728
741.085562630,2,0.203174603
741.288737234,2,0.191564626
741.480301859,2,0.145124717
741.625426576,2,0.255419501
741.880846077,2,0.191564626
742.072410703,2,0.133514739
742.205925442,2,0.220589569
742.426515011,2,0.168344671
742.594859683,2,0.121904762
742.716764444,2,0.238004535
743.053453787,2,0.203174603
743.256628390,2,0.150929705
743.407558095,2,0.150929705
743.558487800,2,0.179954649
743.738442449,2,0.156734694
743.895177143,2,0.232199546
744.127376689,2,0.214784580
744.342161270,2,0.174149660
744.516310930,2,0.179954649
744.696265578,2,0.301859410
744.998124989,2,0.255419501
745.253544490,2,0.185759637
745.439304127,2,0.162539683
745.601843810,2,0.174149660
745.775993469,2,0.197369615
745.973363084,2,0.150929705
746.124292789,2,0.226394558
746.350687347,2,0.168344671
746.519032018,2,0.174149660
746.693181678,2,0.203174603
746.896356281,2,0.168344671
747.064700952,2,0.156734694
747.221435646,2,0.243809524
747.465245170,2,0.174149660
747.639394830,2,0.127709751
747.767104580,2,0.249614512
748.016719093,2,0.174149660
748.190868753,2,0.156734694
748.347603447,2,0.069659864
748.417263311,2,0.191564626
748.608827937,2,0.145124717
748.753952653,2,0.185759637
748.939712290,2,0.162539683
749.102251973,2,0.185759637
749.288011610,2,0.162539683
749.450551293,2,0.220589569
749.671140862,2,0.185759637
749.856900499,2,0.150929705
750.007830204,2,0.243809524
750.251639728,2,0.150929705
750.402569433,2,0.133514739
750.536084172,2,0.220589569
750.756673741,2,0.208979592
750.965653333,2,0.075464853
751.041118186,2,0.116099773
751.157217959,2,0.162539683
751.319757642,2,0.063854875
751.383612517,2,0.098684807
751.482297324,2,0.145124717
751.627422041,2,0.116099773
751.743521814,2,0.121904762
751.865426576,2,0.168344671
752.033771247,2,0.179954649
752.213725896,2,0.203174603
752.416900499,2,0.156734694
752.573635193,2,0.179954649
752.753589841,2,0.191564626
752.945154467,2,0.174149660
753.119304127,2,0.081269841
753.200573968,2,0.098684807
753.299258776,2,0.168344671
753.467603447,2,0.179954649
753.647558095,2,0.156734694
753.804292789,2,0.238004535
754.042297324,2,0.185759637
754.228056961,2,0.162539683
754.390596644,2,0.208979592
754.599576236,2,0.197369615
754.796945850,2,0.179954649
754.976900499,2,0.214784580
755.406469660,2,0.487619048
757.060891429,2,0.098684807
757.281480998,2,0.290249433
757.571730431,2,0.150929705
757.722660136,2,0.179954649
757.902614785,2,0.174149660
758.076764444,2,0.150929705
758.227694150,2,0.226394558
758.454088707,2,0.197369615
758.651458322,2,0.133514739
758.784973061,2,0.179954649
758.964927710,2,0.168344671
759.133272381,2,0.145124717
759.278397098,2,0.208979592
759.487376689,2,0.174149660
759.661526349,2,0.133514739
759.795041088,2,0.203174603
759.998215692,2,0.104489796
760.102705488,2,0.174149660
760.276855147,2,0.203174603
760.480029751,2,0.116099773
760.596129524,2,0.110294785
760.706424308,2,0.139319728
760.845744036,2,0.058049887
760.903793923,2,0.127709751
761.031503673,2,0.162539683
761.194043356,2,0.121904762
761.315948118,2,0.127709751
761.443657868,2,0.116099773
761.559757642,2,0.354104308
761.913861950,2,0.232199546
762.146061497,2,0.116099773
762.262161270,2,0.168344671
762.430505941,2,0.179954649
762.610460590,2,0.162539683
762.773000272,2,0.185759637
762.958759909,2,0.162539683
763.121299592,2,0.156734694
763.278034286,2,0.406349206
763.684383492,2,0.174149660
763.858533152,2,0.150929705
764.009462857,2,0.243809524
764.253272381,2,0.162539683
764.415812063,2,0.232199546
764.648011610,2,0.127709751
765.048555828,2,0.534058957
766.668147664,2,0.098684807
766.871322268,2,0.272834467
767.144156735,2,0.139319728
767.283476463,2,0.191564626
767.475041088,2,0.168344671
767.643385760,2,0.150929705
767.794315465,2,0.284444444
768.078759909,2,0.203174603
768.281934512,2,0.145124717
768.427059229,2,0.168344671
768.595403900,2,0.174149660
768.769553560,2,0.133514739
768.903068299,2,0.243809524
769.146877823,2,0.156734694
769.303612517,2,0.162539683
769.466152200,2,0.191564626
769.657716825,2,0.139319728
769.797036553,2,0.174149660
769.971186213,2,0.191564626
770.162750839,2,0.092879819
770.255630658,2,0.174149660
770.429780317,2,0.127709751
770.557490068,2,0.208979592
770.766469660,2,0.087074830
770.853544490,2,0.592108844
774.452637460,2,0.493424036
774.946061497,2,0.458594104
775.898079637,2,0.388934240
776.287013878,2,0.412154195
776.699168073,2,0.406349206
777.105517279,2,0.481814059
777.587331338,2,0.795283447
778.655449252,2,0.412154195
779.067603447,2,0.377324263
779.444927710,2,0.365714286
779.810641995,2,0.412154195
780.222796190,2,0.377324263
780.600120454,2,0.325079365
780.925199819,2,0.377324263
781.302524082,2,0.417959184
781.720483265,2,0.772063492
782.492546757,2,0.743038549
783.235585306,2,0.412154195
783.647739501,2,0.377324263
784.025063764,2,0.435374150
784.460437914,2,0.446984127
784.907422041,2,0.377324263
785.284746304,2,0.435374150
785.720120454,2,0.470204082
786.190324535,2,0.452789116
786.643113651,2,0.609523810
787.252637460,2,1.213242630
789.121843810,2,0.592108844
789.713952653,2,0.470204082
790.184156735,2,0.429569161
790.613725896,2,0.423764172
791.037490068,2,0.528253968
791.565744036,2,0.853333333
792.419077370,2,0.412154195
792.831231565,2,0.441179138
793.272410703,2,0.330884354
793.603295057,2,0.394739229
793.998034286,2,0.412154195
794.410188481,2,0.563083900
794.973272381,2,1.027482993
796.000755374,2,0.446984127
796.447739501,2,0.499229025
796.946968526,2,0.905578231
797.852546757,2,0.638548753
798.920664671,2,1.108752834
800.029417506,2,0.290249433
800.656356281,2,0.510839002
801.167195283,2,0.435374150
801.602569433,2,0.435374150
802.037943583,2,0.603718821
802.641662404,2,0.487619048
803.129281451,2,0.470204082
803.599485533,2,0.655963719
804.255449252,2,0.714013605
804.969462857,2,0.510839002
805.480301859,2,0.406349206
805.886651066,2,0.400544218
806.287195283,2,0.452789116
806.739984399,2,1.288707483
808.440846077,2,0.510839002
808.951685079,2,0.359909297
809.369644263,2,0.406349206
809.775993469,2,0.412154195
810.188147664,2,0.435374150
810.733816599,2,0.661768707
811.395585306,2,0.841723356
814.855358549,2,0.534058957
815.389417506,2,0.952018141
816.341435646,2,0.499229025
816.840664671,2,0.568888889
817.409553560,2,0.226394558
818.489281451,2,0.238004535
819.127830204,2,0.464399093
819.592229297,2,0.603718821
820.730007075,2,1.404807256
822.285744036,2,0.719818594
823.005562630,2,0.476009070
823.481571701,2,0.458594104
823.940165805,2,0.423764172
824.363929977,2,0.429569161
824.793499138,2,0.412154195
825.205653333,2,0.481814059
825.687467392,2,0.510839002
826.198306395,2,1.131972789
827.330279184,2,0.481814059
827.812093243,2,0.423764172
828.235857415,2,0.452789116
828.688646531,2,0.481814059
829.170460590,2,0.377324263
829.774179410,2,0.510839002
830.592682812,2,0.859138322
834.244020680,2,0.510839002
834.754859683,2,0.162539683
835.834587574,2,0.487619048
836.420891429,2,0.226394558
837.036220227,2,0.208979592
838.412002540,2,0.104489796
839.381435646,2,0.522448980
839.903884626,2,0.667573696
841.448011610,2,0.969433107
844.280846077,2,1.753106576
847.311050159,2,0.214784580
847.525834739,2,0.174149660
847.699984399,2,0.272834467
847.972818866,2,0.127709751
848.100528617,2,0.116099773
848.216628390,2,0.806893424
849.023521814,2,0.203174603
849.226696417,2,0.220589569
849.447285986,2,0.313469388
849.934905034,2,1.294512472
852.872229297,2,0.679183673
854.044837007,2,0.789478458
856.500347211,2,0.516643991
857.202750839,2,0.458594104
857.905154467,2,0.684988662
859.902070567,2,0.481814059
860.383884626,2,0.481814059
860.865698685,2,0.417959184
861.422977596,2,0.505034014
862.258895964,2,0.179954649
864.458986667,2,0.325079365
864.784066032,2,0.313469388
865.097535420,2,0.226394558
865.323929977,2,0.243809524
865.567739501,2,0.301859410
865.869598912,2,0.446984127
866.508147664,2,0.946213152
869.120392562,2,1.021678005
870.414905034,2,0.487619048
872.440846077,2,0.278639456
872.719485533,2,0.301859410
873.021344943,2,0.249614512
873.270959456,2,0.232199546
873.503159002,2,0.261224490
873.764383492,2,0.319274376
874.246197551,2,0.470204082
875.825154467,2,0.284444444
876.109598912,2,0.232199546
876.341798458,2,0.214784580
876.556583039,2,0.232199546
876.788782585,2,0.272834467
877.061617052,2,0.301859410
877.363476463,2,0.476009070
877.932365351,2,0.516643991
879.923476463,2,0.290249433
880.213725896,2,0.307664399
880.521390295,2,0.232199546
880.753589841,2,0.307664399
881.061254240,2,0.313469388
881.374723628,2,0.388934240
882.071322268,2,0.789478458
884.608102313,2,0.661768707
885.960664671,2,0.992653061
888.421979864,2,0.528253968
889.681662404,2,0.371519274
890.053181678,2,0.162539683
890.215721361,2,0.406349206
890.622070567,2,0.145124717
890.767195283,2,0.063854875
890.831050159,2,0.243809524
891.074859683,2,0.069659864
891.144519546,2,0.087074830
891.231594376,2,0.203174603
891.434768980,2,0.081269841
891.516038821,2,0.150929705
891.666968526,2,0.104489796
891.771458322,2,0.162539683
891.933998005,2,0.156734694
892.090732698,2,0.493424036
892.769916372,2,0.191564626
893.849644263,2,0.342494331
895.707240635,2,0.203174603
895.939440181,2,0.238004535
896.177444717,2,0.203174603
896.380619320,2,0.197369615
896.577988934,2,0.208979592
896.786968526,2,0.290249433
897.077217959,2,0.487619048
898.447195283,2,0.359909297
899.370188481,2,0.267029478
899.637217959,2,0.388934240
900.026152200,2,0.220589569
900.246741769,2,0.330884354
900.577626122,2,0.969433107
901.895358549,2,0.864943311
902.760301859,2,0.359909297
903.120211156,2,0.255419501
903.375630658,2,0.290249433
903.665880091,2,0.272834467
903.938714558,2,0.423764172
904.362478730,2,0.731428571
905.715041088,2,0.481814059
906.196855147,2,0.267029478
906.463884626,2,1.927256236
908.391140862,2,1.242267574
910.538986667,2,0.377324263
910.916310930,2,0.098684807
911.014995737,2,0.092879819
911.107875556,2,0.098684807
911.206560363,2,0.197369615
911.403929977,2,0.052244898
911.456174875,2,0.075464853
911.531639728,2,0.087074830
911.618714558,2,0.063854875
911.682569433,2,0.220589569
911.903159002,2,0.139319728
912.042478730,2,0.075464853
912.117943583,2,0.127709751
912.245653333,2,0.208979592
912.454632925,2,0.458594104
914.753408435,2,1.172607710
915.926016145,2,0.882358277
916.808374422,2,0.116099773
916.924474195,2,0.127709751
917.052183946,2,0.127709751
917.179893696,2,0.220589569
917.400483265,2,0.116099773
917.516583039,2,0.127709751
917.644292789,2,0.127709751
917.772002540,2,0.110294785
917.882297324,2,0.116099773
917.998397098,2,0.127709751
918.126106848,2,0.359909297
918.486016145,2,0.249614512
918.735630658,2,0.127709751
918.863340408,2,0.110294785
918.973635193,2,0.104489796
919.078124989,2,0.145124717
919.223249705,2,0.354104308
919.577354014,2,0.127709751
919.705063764,2,0.121904762
919.826968526,2,0.104489796
919.931458322,2,0.116099773
920.047558095,2,0.145124717
920.192682812,2,0.423764172
920.924111383,2,0.232199546
921.156310930,2,0.110294785
921.266605714,2,0.116099773
921.382705488,2,0.104489796
921.487195283,2,0.110294785
921.597490068,2,0.110294785
921.707784853,2,0.116099773
921.823884626,2,0.127709751
921.951594376,2,0.313469388
922.265063764,2,0.174149660
922.439213424,2,0.714013605
923.153227029,2,0.156734694
923.309961723,2,0.249614512
923.559576236,2,0.174149660
923.733725896,2,0.139319728
923.873045624,2,0.063854875
923.936900499,2,0.116099773
924.053000272,2,0.081269841
924.134270113,2,0.162539683
924.296809796,2,0.121904762
924.418714558,2,0.098684807
924.517399365,2,0.087074830
924.604474195,2,0.139319728
924.743793923,2,0.110294785
924.854088707,2,0.127709751
924.981798458,2,0.098684807
925.080483265,2,0.139319728
925.219802993,2,0.110294785
925.330097778,2,0.127709751
925.457807528,2,0.098684807
925.556492336,2,0.116099773
925.672592109,2,0.081269841
925.753861950,2,0.075464853
925.829326803,2,0.133514739
925.962841542,2,0.847528345
928.151322268,2,1.149387755
929.300710023,2,0.406349206
929.707059229,2,0.684988662
930.392047891,2,0.127709751
930.519757642,2,0.110294785
930.630052426,2,0.127709751
930.757762177,2,0.121904762
930.879666939,2,0.133514739
931.013181678,2,0.110294785
931.123476463,2,0.127709751
931.251186213,2,0.121904762
931.373090975,2,0.116099773
931.489190748,2,0.127709751
931.616900499,2,0.121904762
931.738805261,2,0.121904762
931.860710023,2,0.121904762
931.982614785,2,0.110294785
932.092909569,2,0.110294785
932.203204354,2,0.261224490
932.464428844,2,0.127709751
932.592138594,2,0.127709751
932.719848345,2,0.255419501
932.975267846,2,0.116099773
933.091367619,2,0.238004535
933.329372154,2,0.162539683
933.491911837,2,0.121904762
933.613816599,2,0.139319728
933.753136327,2,0.121904762
933.875041088,2,0.121904762
933.996945850,2,0.139319728
934.136265578,2,0.272834467
934.409100045,2,0.243809524
934.652909569,2,0.156734694
934.809644263,2,0.121904762
934.931549025,2,0.133514739
935.065063764,2,0.098684807
935.163748571,2,0.127709751
935.291458322,2,0.098684807
935.390143129,2,0.127709751
935.517852880,2,0.116099773
935.633952653,2,0.127709751
935.761662404,2,0.238004535
935.999666939,2,0.371519274
936.371186213,2,0.208979592
936.580165805,2,0.307664399
936.887830204,2,0.388934240
937.276764444,2,0.179954649
937.456719093,2,0.168344671
937.625063764,2,0.104489796
937.729553560,2,0.232199546
937.961753107,2,0.214784580
938.176537687,2,0.208979592
938.385517279,2,0.162539683
938.548056961,2,0.127709751
938.675766712,2,0.220589569
938.896356281,2,0.150929705
939.047285986,2,0.110294785
939.157580771,2,0.121904762
939.279485533,2,0.116099773
939.395585306,2,0.139319728
939.534905034,2,0.127709751
939.662614785,2,0.133514739
939.796129524,2,0.528253968
940.376628390,2,0.110294785
940.486923175,2,0.336689342
940.823612517,2,0.208979592
941.032592109,2,0.121904762
941.154496871,2,0.179954649
941.334451519,2,0.325079365
941.659530884,2,0.290249433
941.949780317,2,0.255419501
942.205199819,2,0.261224490
942.466424308,2,0.261224490
942.727648798,2,0.272834467
943.000483265,2,0.313469388
943.313952653,2,0.278639456
943.592592109,2,0.296054422
943.888646531,2,0.394739229
944.283385760,2,0.290249433
944.573635193,2,0.226394558
944.800029751,2,0.214784580
945.014814331,2,0.197369615
945.212183946,2,0.197369615
945.409553560,2,0.156734694
945.566288254,2,0.156734694
945.723022948,2,0.139319728
945.862342676,2,0.139319728
946.001662404,2,0.145124717
946.146787120,2,0.139319728
946.286106848,2,0.133514739
946.419621587,2,0.133514739
946.553136327,2,0.168344671
946.721480998,2,0.110294785
946.831775782,2,0.104489796
946.936265578,2,0.127709751
947.063975329,2,0.092879819
947.156855147,2,0.191564626
947.348419773,2,0.098684807
947.447104580,2,0.110294785
947.557399365,2,0.197369615
947.754768980,2,0.098684807
947.853453787,2,0.121904762
947.975358549,2,0.412154195
948.387512744,2,0.174149660
948.561662404,2,0.058049887
948.619712290,2,0.087074830
948.706787120,2,0.063854875
948.770641995,2,0.232199546
949.002841542,2,0.075464853
949.078306395,2,0.145124717
949.223431111,2,0.081269841
949.304700952,2,0.568888889
949.873589841,2,0.092879819
949.966469660,2,0.243809524
950.210279184,2,0.069659864
950.279939048,2,0.400544218
950.680483265,2,0.069659864
950.750143129,2,0.110294785
950.860437914,2,0.133514739
950.993952653,2,0.174149660
951.168102313,2,0.069659864
951.237762177,2,0.139319728
951.377081905,2,0.058049887
951.435131791,2,0.121904762
951.557036553,2,0.092879819
951.649916372,2,0.092879819
951.742796190,2,0.226394558
951.969190748,2,0.174149660
952.143340408,2,0.197369615
952.445199819,2,0.087074830
952.532274649,2,0.092879819
952.625154467,2,0.081269841
952.706424308,2,0.069659864
952.776084172,2,0.087074830
952.863159002,2,0.075464853
952.938623855,2,0.075464853
953.014088707,2,0.069659864
953.083748571,2,0.075464853
953.159213424,2,0.174149660
953.333363084,2,0.127709751
953.461072834,2,0.081269841
953.542342676,2,0.145124717
953.687467392,2,0.087074830
953.774542222,2,0.063854875
953.838397098,2,0.087074830
953.925471927,2,0.208979592
954.227331338,2,0.168344671
954.395676009,2,0.127709751
954.523385760,2,0.121904762
954.645290522,2,0.121904762
954.767195283,2,0.104489796
954.871685079,2,0.127709751
954.999394830,2,0.110294785
955.109689615,2,0.121904762
955.231594376,2,0.121904762
955.353499138,2,0.116099773
955.469598912,2,0.127709751
955.597308662,2,0.116099773
955.713408435,2,0.121904762
955.835313197,2,0.272834467
956.108147664,2,0.760453515
957.466515011,2,0.290249433
957.756764444,2,0.150929705
957.907694150,2,0.145124717
958.052818866,2,0.110294785
958.163113651,2,0.145124717
958.308238367,2,0.116099773
958.424338141,2,0.267029478
958.691367619,2,0.104489796
958.795857415,2,0.232199546
959.028056961,2,0.377324263
959.405381224,2,0.116099773
959.521480998,2,0.203174603
959.724655601,2,1.056507937
961.280392562,2,0.290249433
961.570641995,2,0.220589569
961.791231565,2,0.185759637
961.976991202,2,0.162539683
962.139530884,2,0.150929705
962.290460590,2,0.261224490
962.551685079,2,0.150929705
962.702614785,2,0.139319728
962.841934512,2,0.133514739
962.975449252,2,0.156734694
963.132183946,2,0.168344671
963.300528617,2,0.174149660
963.474678277,2,0.208979592
963.683657868,2,0.185759637
963.869417506,2,0.284444444
964.153861950,2,0.052244898
964.206106848,2,0.359909297
964.566016145,2,0.238004535
964.804020680,2,0.121904762
964.925925442,2,0.133514739
965.059440181,2,0.208979592
965.268419773,2,0.127709751
965.396129524,2,0.702403628
967.625245170,2,0.365714286
967.990959456,2,0.963628118
968.954587574,2,1.712471655
971.566832472,2,0.835918367
972.983249705,2,1.277097506
974.422886893,2,0.493424036
974.916310930,2,0.226394558
975.142705488,2,0.232199546
975.374905034,2,0.208979592
975.583884626,2,0.238004535
975.821889161,2,0.197369615
976.019258776,2,0.226394558
976.245653333,2,0.197369615
976.443022948,2,0.232199546
976.675222494,2,0.208979592
976.884202086,2,0.226394558
977.110596644,2,0.214784580
977.325381224,2,0.232199546
977.557580771,2,0.214784580
977.772365351,2,0.249614512
978.021979864,2,0.208979592
978.230959456,2,0.214784580
978.445744036,2,0.220589569
978.666333605,2,0.272834467
978.939168073,2,0.191564626
979.130732698,2,0.179954649
979.310687347,2,0.197369615
979.508056961,2,0.214784580
979.722841542,2,0.394739229
980.117580771,2,0.197369615
980.314950385,2,0.191564626
980.506515011,2,0.203174603
980.709689615,2,0.400544218
981.110233832,2,1.277097506
982.387331338,2,0.876553288
983.263884626,2,0.476009070
983.739893696,2,0.255419501
983.995313197,2,0.493424036
984.488737234,2,0.586303855
985.075041088,2,0.232199546
985.307240635,2,0.208979592
985.516220227,2,0.185759637
985.701979864,2,0.243809524
985.945789388,2,0.179954649
986.125744036,2,0.191564626
986.317308662,2,0.185759637
986.503068299,2,0.197369615
986.700437914,2,0.208979592
986.909417506,2,0.110294785
987.019712290,2,0.081269841
987.100982132,2,0.162539683
987.263521814,2,0.214784580
987.478306395,2,0.179954649
987.658261043,2,0.203174603
987.861435646,2,0.179954649
988.041390295,2,0.081269841
988.122660136,2,0.116099773
988.238759909,2,0.226394558
988.465154467,2,0.185759637
988.650914104,2,0.098684807
988.749598912,2,0.394739229
989.144338141,2,0.058049887
989.202388027,2,0.185759637
989.388147664,2,0.243809524
989.631957188,2,0.226394558
989.858351746,2,0.208979592
990.067331338,2,0.179954649
990.247285986,2,0.191564626
990.438850612,2,0.179954649
990.618805261,2,0.191564626
990.810369887,2,0.185759637
990.996129524,2,0.191564626
991.187694150,2,0.388934240
991.576628390,2,0.197369615
991.773998005,2,0.464399093
992.238397098,2,0.261224490
992.499621587,2,1.242267574
993.741889161,2,1.369977324
995.111866485,2,0.708208617
997.927285986,2,0.359909297
998.287195283,2,0.168344671
998.455539955,2,1.422222222
999.877762177,2,1.520907029
1002.072047891,2,0.615328798
1002.687376689,2,0.069659864
1002.757036553,2,0.063854875
1002.820891429,2,0.197369615
1003.018261043,2,0.150929705
1003.169190748,2,0.510839002
1003.680029751,2,0.464399093
1004.144428844,2,0.481814059
1004.626242902,2,0.150929705
1005.183521814,2,0.208979592
1005.851095510,2,0.185759637
1006.785698685,2,1.271292517
1008.056991202,2,0.743038549
1010.495086440,2,0.899773243
1012.137898231,2,0.214784580
1015.557036553,2,1.294512472
1016.851549025,2,0.882358277
1018.157671474,2,1.457052154
1019.684383492,2,1.712471655
1021.396855147,2,0.139319728
1021.536174875,2,0.139319728
1021.675494603,2,0.127709751
1021.803204354,2,0.272834467
1022.076038821,2,0.464399093
1022.540437914,2,1.282902494
1023.985880091,2,0.702403628
1024.688283719,2,0.052244898
1024.740528617,2,1.683446712
1026.423975329,2,1.253877551
1027.677852880,2,0.789478458
1028.467331338,2,1.230657596
1029.912773515,2,0.261224490
1030.173998005,2,0.197369615
1030.371367619,2,0.197369615
1030.568737234,2,0.197369615
1030.766106848,2,0.203174603
1030.969281451,2,0.214784580
1031.184066032,2,0.452789116
1031.636855147,2,0.928798186
1032.565653333,2,0.249614512
1032.815267846,2,0.110294785
1032.925562630,2,0.197369615
1033.122932245,2,0.174149660
1033.297081905,2,0.104489796
1033.401571701,2,0.121904762
1033.523476463,2,0.110294785
1033.633771247,2,0.133514739
1033.767285986,2,0.313469388
1034.080755374,2,0.116099773
1034.196855147,2,0.104489796
1034.301344943,2,0.087074830
1034.388419773,2,0.110294785
1034.498714558,2,0.121904762
1034.620619320,2,0.092879819
1034.713499138,2,0.371519274
1035.085018413,2,0.110294785
1035.195313197,2,0.092879819
1035.288193016,2,0.121904762
1035.410097778,2,0.133514739
1035.543612517,2,0.110294785
1035.653907302,2,0.081269841
1035.735177143,2,0.249614512
1035.984791655,2,0.087074830
1036.071866485,2,0.104489796
1036.176356281,2,0.081269841
1036.257626122,2,0.139319728
1036.396945850,2,0.104489796
1036.501435646,2,0.110294785
1036.611730431,2,0.110294785
1036.722025215,2,0.145124717
1036.867149932,2,0.087074830
1036.954224762,2,0.110294785
1037.064519546,2,0.098684807
1037.163204354,2,0.156734694
1037.319939048,2,0.168344671
1037.488283719,2,0.145124717
1037.633408435,2,0.104489796
1037.737898231,2,0.098684807
1037.836583039,2,0.278639456
1038.115222494,2,0.092879819
1038.208102313,2,0.777868481
1038.985970794,2,0.284444444
1039.270415238,2,1.317732426
1040.965471927,2,0.754648526
1041.720120454,2,0.702403628
1042.422524082,2,0.330884354
1042.753408435,2,0.284444444
1043.037852880,2,0.476009070
1043.513861950,2,0.197369615
1043.711231565,2,0.464399093
1044.175630658,2,0.127709751
1044.303340408,2,0.069659864
1044.373000272,2,0.150929705
1044.523929977,2,0.087074830
1044.611004807,2,0.121904762
1044.732909569,2,0.075464853
1044.808374422,2,0.145124717
1044.953499138,2,0.104489796
1045.057988934,2,0.121904762
1045.179893696,2,0.208979592
1045.388873288,2,0.092879819
1045.481753107,2,0.197369615
1045.679122721,2,0.145124717
1045.824247438,2,0.081269841
1045.905517279,2,0.121904762
1046.027422041,2,0.087074830
1046.114496871,2,0.133514739
1046.248011610,2,0.075464853
1046.323476463,2,0.145124717
1046.468601179,2,0.081269841
1046.549871020,2,0.116099773
1046.665970794,2,0.087074830
1046.753045624,2,0.116099773
1046.869145397,2,0.075464853
1046.944610249,2,0.139319728
1047.083929977,2,0.121904762
1047.205834739,2,0.092879819
1047.298714558,2,0.098684807
1047.397399365,2,0.127709751
1047.525109116,2,0.098684807
1047.623793923,2,0.121904762
1047.745698685,2,0.098684807
1047.844383492,2,0.121904762
1047.966288254,2,0.110294785
1048.076583039,2,0.121904762
1048.198487800,2,0.098684807
1048.297172608,2,0.121904762
1048.419077370,2,0.098684807
1048.517762177,2,0.127709751
1048.645471927,2,0.098684807
1048.744156735,2,0.121904762
1048.866061497,2,0.087074830
1048.953136327,2,0.116099773
1049.069236100,2,0.098684807
1049.167920907,2,0.110294785
1049.278215692,2,0.098684807
1049.376900499,2,0.104489796
1049.481390295,2,0.121904762
1049.603295057,2,0.092879819
1049.696174875,2,0.092879819
1049.789054694,2,0.104489796
1049.893544490,2,0.104489796
1049.998034286,2,0.110294785
1050.108329070,2,0.156734694
1050.265063764,2,0.075464853
1050.340528617,2,0.110294785
1050.450823401,2,0.127709751
1050.578533152,2,0.208979592
1050.787512744,2,0.110294785
1050.897807528,2,0.121904762
1051.019712290,2,0.087074830
1051.106787120,2,0.145124717
1051.251911837,2,0.081269841
1051.333181678,2,0.058049887
1051.391231565,2,0.052244898
1051.443476463,2,0.272834467
1051.716310930,2,0.121904762
1051.838215692,2,0.121904762
1051.960120454,2,0.481814059
1052.441934512,2,1.149387755
1053.591322268,2,1.015873016
1054.810369887,2,0.621133787
1057.440029751,2,0.336689342
1057.776719093,2,1.764716553
1059.541435646,2,1.387392290
1061.729916372,2,1.155192744
1062.885109116,2,0.563083900
1063.448193016,2,0.191564626
1063.639757642,2,0.197369615
1063.837127256,2,0.185759637
1064.022886893,2,0.197369615
1064.220256508,2,0.203174603
1064.423431111,2,0.127709751
1064.644020680,2,0.261224490
1064.905245170,2,0.203174603
1065.253544490,2,0.197369615
1065.671503673,2,0.197369615
1066.275222494,2,0.092879819
1066.368102313,2,1.114557823
1067.482660136,2,0.644353741
1069.862705488,2,0.917188209
1071.517127256,2,0.214784580
1074.907240635,2,1.747301587
1076.654542222,2,1.102947846
1077.757490068,2,0.063854875
1077.821344943,2,0.609523810
1078.430868753,2,1.364172336
1080.189780317,2,0.168344671
1080.358124989,2,0.150929705
1080.509054694,2,0.377324263
1080.886378957,2,1.399002268
1083.005199819,2,1.677641723
1085.768374422,2,0.348299320
1086.116673741,2,0.934603175
1087.631775782,2,2.025941043
1090.214995737,2,0.307664399
1090.522660136,2,0.766258503
1091.910052426,2,0.377324263
1092.287376689,2,0.928798186
1094.638397098,2,0.307664399
1094.946061497,2,1.213242630
1096.159304127,2,0.301859410
1096.461163537,2,0.864943311
1099.108238367,2,0.417959184
1099.526197551,2,0.313469388
1099.839666939,2,0.307664399
1100.147331338,2,0.383129252
1100.530460590,2,1.462857143
1103.450369887,2,0.766258503
1105.545970794,2,0.348299320
1105.894270113,2,1.073922902
1107.293272381,2,2.054965986
1110.178351746,2,0.307664399
1110.486016145,2,0.725623583
1111.966288254,2,0.348299320
1112.314587574,2,0.905578231
1114.572728163,2,0.301859410
1114.874587574,2,1.282902494
1116.157490068,2,0.307664399
1116.465154467,2,1.108752834
1119.129644263,2,0.505034014
1119.634678277,2,0.429569161
1121.561934512,2,2.182675737
1125.050732698,2,0.354104308
1125.404837007,2,0.766258503
1126.739984399,2,0.412154195
1127.152138594,2,1.265487528
1128.760120454,2,1.172607710
1130.112682812,2,0.417959184
1130.530641995,2,0.882358277
1131.865789388,2,0.592108844
1132.457898231,2,2.565804989
1135.580982132,2,0.499229025
1136.080211156,2,0.406349206
1136.486560363,2,0.371519274
1136.858079637,2,0.446984127
1137.305063764,2,0.684988662
1138.048102313,2,0.946213152
1138.994315465,2,0.458594104
1140.283022948,2,1.015873016
1141.995494603,2,1.021678005
1143.017172608,2,0.957823129
1147.219984399,2,1.741496599
1148.961480998,2,0.203174603
1149.164655601,2,0.737233560
1149.901889161,2,0.661768707
1150.563657868,2,0.609523810
1151.173181678,2,0.052244898
1151.225426576,2,1.236462585
1152.461889161,2,0.139319728
1152.601208889,2,0.464399093
1153.065607982,2,0.307664399
1153.373272381,2,0.406349206
1153.779621587,2,0.162539683
1153.942161270,2,0.342494331
1154.284655601,2,0.110294785
1154.394950385,2,0.110294785
1154.505245170,2,0.429569161
1154.934814331,2,0.174149660
1155.108963991,2,0.179954649
1155.288918639,2,0.168344671
1155.457263311,2,0.150929705
1155.608193016,2,1.555736961
1157.245199819,2,0.290249433
1157.535449252,2,0.719818594
1158.255267846,2,1.428027211
1159.683295057,2,3.186938776
1167.862524082,2,3.802267574
1179.849825669,2,0.806893424
1181.045653333,2,1.149387755
1182.195041088,2,0.893968254
1183.437308662,2,0.568888889
1184.319666939,2,0.098684807
1184.418351746,2,0.110294785
1184.528646531,2,0.110294785
1184.638941315,2,0.098684807
1184.737626122,2,0.098684807
1184.836310930,2,0.121904762
1184.958215692,2,0.133514739
1185.231050159,2,0.116099773
1185.347149932,2,0.133514739
1185.480664671,2,0.290249433
1185.770914104,2,0.104489796
1185.875403900,2,0.121904762
1185.997308662,2,0.121904762
1186.119213424,2,0.087074830
1186.206288254,2,0.104489796
1186.310778050,2,0.139319728
1186.450097778,2,0.208979592
1186.659077370,2,0.139319728
1186.798397098,2,0.133514739
1186.931911837,2,0.510839002
1187.442750839,2,0.255419501
1187.698170340,2,0.104489796
1187.802660136,2,0.116099773
1187.918759909,2,0.098684807
1188.017444717,2,0.092879819
1188.110324535,2,0.104489796
1188.214814331,2,0.121904762
1188.336719093,2,0.272834467
1188.609553560,2,0.296054422
1188.946242902,2,0.284444444
1189.230687347,2,0.133514739
1189.364202086,2,0.104489796
1189.468691882,2,0.110294785
1189.578986667,2,0.098684807
1189.677671474,2,0.121904762
1189.799576236,2,0.116099773
1189.915676009,2,0.243809524
1190.159485533,2,0.133514739
1190.293000272,2,0.156734694
1190.449734966,2,0.301859410
1190.751594376,2,0.116099773
1190.867694150,2,0.121904762
1190.989598912,2,0.127709751
1191.117308662,2,0.133514739
1191.250823401,2,0.081269841
1191.332093243,2,0.156734694
1191.488827937,2,0.121904762
1191.610732698,2,0.133514739
1191.744247438,2,0.116099773
1191.860347211,2,0.156734694
1192.017081905,2,0.110294785
1192.127376689,2,0.127709751
1192.255086440,2,0.116099773
1192.371186213,2,0.121904762
1192.493090975,2,0.127709751
1192.620800726,2,0.121904762
1192.742705488,2,0.104489796
1192.847195283,2,0.127709751
1192.974905034,2,0.104489796
1193.079394830,2,0.116099773
1193.195494603,2,0.121904762
1193.317399365,2,0.133514739
1193.450914104,2,0.371519274
1193.822433379,2,0.063854875
1193.886288254,2,0.087074830
1193.973363084,2,0.272834467
1194.246197551,2,0.116099773
1194.362297324,2,0.121904762
1194.484202086,2,0.104489796
1194.588691882,2,0.139319728
1194.728011610,2,0.098684807
1194.826696417,2,0.104489796
1194.931186213,2,0.272834467
1195.204020680,2,0.232199546
1195.471050159,2,0.272834467
1195.743884626,2,0.075464853
1195.819349478,2,0.058049887
1195.877399365,2,0.081269841
1195.958669206,2,0.261224490
1196.219893696,2,0.098684807
1196.318578503,2,0.139319728
1196.457898231,2,0.127709751
1196.585607982,2,0.098684807
1196.684292789,2,0.098684807
1196.782977596,2,0.116099773
1196.899077370,2,0.174149660
1197.177716825,2,0.197369615
1197.433136327,2,0.319274376
1197.752410703,2,0.069659864
1197.822070567,2,0.092879819
1197.914950385,2,0.133514739
1198.181979864,2,0.092879819
1198.274859683,2,0.150929705
1198.425789388,2,0.121904762
1198.547694150,2,0.116099773
1198.663793923,2,0.110294785
1198.774088707,2,0.104489796
1198.878578503,2,0.278639456
1199.157217959,2,0.139319728
1199.296537687,2,0.127709751
1199.424247438,2,0.278639456
1199.702886893,2,0.081269841
1199.784156735,2,0.127709751
1199.911866485,2,0.092879819
1200.004746304,2,0.133514739
1200.138261043,2,0.121904762
1200.260165805,2,0.168344671
1200.428510476,2,0.098684807
1200.527195283,2,0.092879819
1200.620075102,2,0.121904762
1200.741979864,2,0.127709751
1200.869689615,2,0.110294785
1200.979984399,2,0.133514739
1201.113499138,2,0.087074830
1201.200573968,2,0.162539683
1201.363113651,2,0.104489796
1201.467603447,2,0.121904762
1201.589508209,2,0.104489796
1201.693998005,2,0.150929705
1201.844927710,2,0.104489796
1201.949417506,2,0.127709751
1202.077127256,2,0.104489796
1202.181617052,2,0.168344671
1202.349961723,2,0.104489796
1202.454451519,2,0.104489796
1202.558941315,2,0.127709751
1202.686651066,2,0.168344671
1202.854995737,2,0.092879819
1202.947875556,2,0.110294785
1203.058170340,2,0.116099773
1203.174270113,2,0.168344671
1203.342614785,2,0.092879819
1203.435494603,2,0.110294785
1203.545789388,2,0.127709751
1203.673499138,2,0.127709751
1203.801208889,2,0.116099773
1203.917308662,2,0.110294785
1204.027603447,2,0.116099773
1204.143703220,2,0.121904762
1204.265607982,2,0.098684807
1204.364292789,2,0.110294785
1204.474587574,2,0.116099773
1204.590687347,2,0.133514739
1204.724202086,2,0.104489796
1204.828691882,2,0.121904762
1204.950596644,2,0.104489796
1205.055086440,2,0.133514739
1205.188601179,2,0.098684807
1205.287285986,2,0.139319728
1205.426605714,2,0.104489796
1205.531095510,2,0.133514739
1205.664610249,2,0.075464853
1205.740075102,2,0.150929705
1205.891004807,2,0.098684807
1205.989689615,2,0.145124717
1206.134814331,2,0.284444444
1206.419258776,2,0.133514739
1206.552773515,2,0.087074830
1206.639848345,2,0.092879819
1206.732728163,2,0.104489796
1206.837217959,2,0.104489796
1206.941707755,2,0.127709751
1207.069417506,2,0.243809524
1207.313227029,2,0.238004535
1207.551231565,2,0.249614512
1207.800846077,2,0.243809524
1208.044655601,2,0.249614512
1208.294270113,2,0.249614512
1208.543884626,2,0.185759637
1208.787694150,2,0.203174603
1209.048918639,2,0.232199546
1209.281118186,2,0.232199546
1209.513317732,2,0.238004535
1209.751322268,2,0.261224490
1210.012546757,2,0.232199546
1210.244746304,2,0.185759637
1210.482750839,2,0.261224490
1210.743975329,2,0.087074830
1210.831050159,2,0.121904762
1210.952954921,2,0.092879819
1211.045834739,2,0.104489796
1211.150324535,2,0.092879819
1211.243204354,2,0.121904762
1211.365109116,2,0.272834467
1211.637943583,2,0.214784580
1211.852728163,2,0.267029478
1212.119757642,2,0.238004535
1212.357762177,2,0.098684807
1212.456446984,2,0.098684807
1212.555131791,2,0.116099773
1212.671231565,2,0.145124717
1212.816356281,2,0.208979592
1213.025335873,2,0.133514739
1213.158850612,2,0.127709751
1213.286560363,2,0.481814059
1213.768374422,2,0.267029478
1214.035403900,2,0.087074830
1214.122478730,2,0.121904762
1214.244383492,2,0.116099773
1214.360483265,2,0.116099773
1214.476583039,2,0.104489796
1214.581072834,2,0.127709751
1214.708782585,2,0.116099773
1214.824882358,2,0.116099773
1214.940982132,2,0.081269841
1215.022251973,2,0.116099773
1215.138351746,2,0.139319728
1215.277671474,2,0.098684807
1215.376356281,2,0.116099773
1215.492456054,2,0.116099773
1215.608555828,2,0.087074830
1215.695630658,2,0.127709751
1215.823340408,2,0.121904762
1215.945245170,2,0.116099773
1216.061344943,2,0.249614512
1216.310959456,2,0.104489796
1216.415449252,2,0.116099773
1216.531549025,2,0.110294785
1216.641843810,2,0.127709751
1216.769553560,2,0.110294785
1216.879848345,2,0.110294785
1216.990143129,2,0.226394558
1217.216537687,2,0.104489796
1217.321027483,2,0.121904762
1217.442932245,2,0.110294785
1217.553227029,2,0.110294785
1217.663521814,2,0.092879819
1217.756401633,2,0.116099773
1217.872501406,2,0.220589569
1218.133725896,2,0.110294785
1218.244020680,2,0.104489796
1218.348510476,2,0.127709751
1218.476220227,2,0.127709751
1218.603929977,2,0.098684807
1218.702614785,2,0.121904762
1218.824519546,2,0.238004535
1219.062524082,2,0.110294785
1219.172818866,2,0.121904762
1219.294723628,2,0.110294785
1219.405018413,2,0.110294785
1219.515313197,2,0.098684807
1219.613998005,2,0.139319728
1219.753317732,2,0.197369615
1219.991322268,2,0.261224490
1220.252546757,2,0.127709751
1220.380256508,2,0.116099773
1220.496356281,2,0.127709751
1220.624066032,2,0.121904762
1220.745970794,2,0.121904762
1220.867875556,2,0.104489796
1220.972365351,2,0.127709751
1221.100075102,2,0.133514739
1221.233589841,2,0.150929705
1221.384519546,2,0.110294785
1221.494814331,2,0.121904762
1221.616719093,2,0.121904762
1221.738623855,2,0.116099773
1221.854723628,2,0.127709751
1221.982433379,2,0.098684807
1222.081118186,2,0.145124717
1222.226242902,2,0.104489796
1222.330732698,2,0.121904762
1222.452637460,2,0.116099773
1222.568737234,2,0.127709751
1222.696446984,2,0.110294785
1222.806741769,2,0.121904762
1222.928646531,2,0.110294785
1223.038941315,2,0.127709751
1223.166651066,2,0.261224490
1223.427875556,2,0.116099773
1223.543975329,2,0.104489796
1223.648465125,2,0.272834467
1223.921299592,2,0.104489796
1224.025789388,2,0.127709751
1224.153499138,2,0.104489796
1224.257988934,2,0.139319728
1224.397308662,2,0.127709751
1224.525018413,2,0.116099773
1224.641118186,2,0.272834467
1224.913952653,2,0.104489796
1225.018442449,2,0.150929705
1225.169372154,2,0.104489796
1225.273861950,2,0.104489796
1225.378351746,2,0.110294785
1225.488646531,2,0.150929705
1225.639576236,2,0.255419501
1225.894995737,2,0.110294785
1226.005290522,2,0.127709751
1226.133000272,2,0.110294785
1226.243295057,2,0.121904762
1226.365199819,2,0.116099773
1226.481299592,2,0.145124717
1226.626424308,2,0.121904762
1226.748329070,2,0.110294785
1226.858623855,2,0.116099773
1226.974723628,2,0.127709751
1227.102433379,2,0.110294785
1227.212728163,2,0.133514739
1227.346242902,2,0.104489796
1227.450732698,2,0.116099773
1227.566832472,2,0.150929705
1227.828056961,2,0.116099773
1227.944156735,2,0.133514739
1228.077671474,2,0.162539683
1228.246016145,2,0.087074830
1228.333090975,2,0.110294785
1228.443385760,2,0.110294785
1228.553680544,2,0.174149660
1228.820710023,2,0.098684807
1228.919394830,2,0.127709751
1229.047104580,2,0.145124717
1229.192229297,2,0.116099773
1229.308329070,2,0.110294785
1229.418623855,2,0.121904762
1229.540528617,2,0.104489796
1229.645018413,2,0.127709751
1229.772728163,2,0.121904762
1229.894632925,2,0.121904762
1230.016537687,2,0.267029478
1230.283567166,2,0.267029478
1230.614451519,2,0.243809524
1231.113680544,2,0.272834467
1231.386515011,2,0.156734694
1231.694179410,2,0.487619048
1232.181798458,2,0.243809524
1232.425607982,2,0.261224490
1232.686832472,2,0.261224490
1232.948056961,2,0.290249433
1233.238306395,2,0.232199546
1233.470505941,2,0.110294785
1233.580800726,2,0.104489796
1233.685290522,2,0.278639456
1233.963929977,2,0.116099773
1234.080029751,2,0.121904762
1234.201934512,2,0.127709751
1234.329644263,2,0.110294785
1234.439939048,2,0.098684807
1234.538623855,2,0.133514739
1234.672138594,2,0.098684807
1234.770823401,2,0.110294785
1234.881118186,2,0.104489796
1234.985607982,2,0.139319728
1235.124927710,2,0.243809524
1235.368737234,2,0.214784580
1235.670596644,2,0.476009070
1236.146605714,2,0.249614512
1236.396220227,2,0.174149660
1236.680664671,2,0.481814059
1237.162478730,2,0.238004535
1237.400483265,2,0.249614512
1237.650097778,2,0.197369615
1237.917127256,2,0.185759637
1238.178351746,2,0.214784580
1238.422161270,2,0.104489796
1238.526651066,2,0.104489796
1238.631140862,2,0.261224490
1238.892365351,2,0.087074830
1238.979440181,2,0.127709751
1239.107149932,2,0.121904762
1239.229054694,2,0.121904762
1239.350959456,2,0.121904762
1239.472864218,2,0.092879819
1239.565744036,2,0.133514739
1239.699258776,2,0.104489796
1239.803748571,2,0.127709751
1239.931458322,2,0.168344671
1240.099802993,2,0.243809524
1240.343612517,2,0.313469388
1240.657081905,2,0.087074830
1240.744156735,2,0.429569161
1241.173725896,2,0.243809524
1241.417535420,2,0.092879819
1241.510415238,2,0.214784580
1241.725199819,2,0.510839002
1242.236038821,2,0.232199546
1242.468238367,2,0.278639456
1242.746877823,2,0.238004535
1242.984882358,2,0.290249433
1243.275131791,2,0.220589569
1243.495721361,2,0.267029478
1243.762750839,2,0.238004535
1244.000755374,2,0.278639456
1244.279394830,2,0.226394558
1244.505789388,2,0.272834467
1244.778623855,2,0.208979592
1244.987603447,2,0.290249433
1245.277852880,2,0.220589569
1245.498442449,2,0.272834467
1245.771276916,2,0.232199546
1246.003476463,2,0.272834467
1246.276310930,2,0.238004535
1246.514315465,2,0.267029478
1246.781344943,2,0.098684807
1246.880029751,2,0.133514739
1247.013544490,2,0.255419501
1247.268963991,2,0.214784580
1247.483748571,2,0.255419501
1247.739168073,2,0.238004535
1247.977172608,2,0.238004535
1248.215177143,2,0.168344671
1248.447376689,2,0.272834467
1248.720211156,2,0.232199546
1248.952410703,2,0.249614512
1249.202025215,2,0.232199546
1249.434224762,2,0.249614512
1249.683839274,2,0.098684807
1249.782524082,2,0.127709751
1249.910233832,2,0.261224490
1250.171458322,2,0.243809524
1250.415267846,2,0.255419501
1250.670687347,2,0.214784580
1250.885471927,2,0.267029478
1251.152501406,2,0.249614512
1251.402115918,2,0.249614512
1251.651730431,2,0.243809524
1251.895539955,2,0.243809524
1252.139349478,2,0.267029478
1252.406378957,2,0.232199546
1252.638578503,2,0.238004535
1252.876583039,2,0.267029478
1253.143612517,2,0.249614512
1253.393227029,2,0.238004535
1253.631231565,2,0.255419501
1253.886651066,2,0.226394558
1254.113045624,2,0.232199546
1254.345245170,2,0.284444444
1254.629689615,2,0.121904762
1254.751594376,2,0.081269841
1254.832864218,2,0.325079365
1255.186968526,2,0.133514739
1255.320483265,2,0.626938776
1255.947422041,2,0.081269841
1256.028691882,2,0.208979592
1256.237671474,2,0.104489796
1256.342161270,2,0.127709751
1256.469871020,2,0.121904762
1256.591775782,2,0.121904762
1256.713680544,2,0.104489796
1256.818170340,2,0.127709751
1256.945880091,2,0.110294785
1257.056174875,2,0.116099773
1257.172274649,2,0.400544218
1257.572818866,2,0.133514739
1257.706333605,2,0.116099773
1257.822433379,2,0.121904762
1257.944338141,2,0.116099773
1258.060437914,2,0.121904762
1258.182342676,2,0.121904762
1258.304247438,2,0.110294785
1258.414542222,2,0.116099773
1258.530641995,2,0.127709751
1258.658351746,2,0.104489796
1258.762841542,2,0.116099773
1258.878941315,2,0.110294785
1258.989236100,2,0.156734694
1259.145970794,2,0.098684807
1259.244655601,2,0.133514739
1259.378170340,2,0.133514739
1259.511685079,2,0.156734694
1259.668419773,2,0.116099773
1259.784519546,2,0.116099773
1259.900619320,2,0.058049887
1259.958669206,2,0.104489796
1260.063159002,2,0.116099773
1260.179258776,2,0.232199546
1260.411458322,2,0.098684807
1260.510143129,2,0.150929705
1260.661072834,2,0.255419501
1260.916492336,2,0.116099773
1261.032592109,2,0.145124717
1261.177716825,2,0.116099773
1261.293816599,2,0.110294785
1261.404111383,2,0.110294785
1261.514406168,2,0.145124717
1261.659530884,2,0.121904762
1261.781435646,2,0.116099773
1261.897535420,2,0.116099773
1262.013635193,2,0.162539683
1262.176174875,2,0.110294785
1262.286469660,2,0.110294785
1262.396764444,2,0.110294785
1262.507059229,2,0.162539683
1262.669598912,2,0.104489796
1262.774088707,2,0.133514739
1262.907603447,2,0.087074830
1262.994678277,2,0.185759637
1263.180437914,2,0.121904762
1263.302342676,2,0.092879819
1263.395222494,2,0.139319728
1263.534542222,2,0.121904762
1263.656446984,2,0.121904762
1263.778351746,2,0.191564626
1263.969916372,2,0.191564626
1264.161480998,2,0.127709751
1264.289190748,2,0.116099773
1264.405290522,2,0.139319728
1264.544610249,2,0.121904762
1264.666515011,2,0.087074830
1264.753589841,2,0.150929705
1264.904519546,2,0.081269841
1264.985789388,2,0.162539683
1265.148329070,2,0.139319728
1265.287648798,2,0.121904762
1265.409553560,2,0.133514739
1265.543068299,2,0.104489796
1265.647558095,2,0.092879819
1265.740437914,2,0.139319728
1265.879757642,2,0.075464853
1265.955222494,2,0.174149660
1266.129372154,2,0.127709751
1266.257081905,2,0.133514739
1266.390596644,2,0.238004535
1266.628601179,2,0.133514739
1266.762115918,2,0.121904762
1266.884020680,2,0.243809524
1267.127830204,2,0.226394558
1267.354224762,2,0.203174603
1267.650279184,2,0.284444444
1267.934723628,2,0.470204082
1268.602297324,2,0.116099773
1268.718397098,2,0.121904762
1268.840301859,2,0.127709751
1268.968011610,2,0.127709751
1269.095721361,2,0.110294785
1269.206016145,2,0.127709751
1269.333725896,2,0.121904762
1269.455630658,2,0.116099773
1269.571730431,2,0.127709751
1269.699440181,2,0.116099773
1269.815539955,2,0.127709751
1269.943249705,2,0.150929705
1270.094179410,2,0.238004535
1270.332183946,2,0.110294785
1270.442478730,2,0.139319728
1270.581798458,2,0.232199546
1270.813998005,2,0.249614512
1271.063612517,2,0.110294785
1271.173907302,2,0.243809524
1271.417716825,2,0.127709751
1271.545426576,2,0.104489796
1271.649916372,2,0.116099773
1271.766016145,2,0.127709751
1271.893725896,2,0.116099773
1272.009825669,2,0.116099773
1272.125925442,2,0.127709751
1272.253635193,2,0.058049887
1272.311685079,2,0.127709751
1272.439394830,2,0.116099773
1272.555494603,2,0.081269841
1272.636764444,2,0.104489796
1272.741254240,2,0.139319728
1272.880573968,2,0.110294785
1272.990868753,2,0.075464853
1273.066333605,2,0.127709751
1273.194043356,2,0.150929705
1273.344973061,2,0.232199546
1273.577172608,2,0.261224490
1273.838397098,2,0.104489796
1273.942886893,2,0.121904762
1274.064791655,2,0.121904762
1274.186696417,2,0.139319728
1274.326016145,2,0.087074830
1274.413090975,2,0.226394558
1274.639485533,2,0.133514739
1274.773000272,2,0.220589569
1274.993589841,2,0.116099773
1275.109689615,2,0.145124717
1275.254814331,2,0.098684807
1275.353499138,2,0.121904762
1275.475403900,2,0.116099773
1275.591503673,2,0.133514739
1275.725018413,2,0.098684807
1275.823703220,2,0.116099773
1275.939802993,2,0.116099773
1276.055902766,2,0.139319728
1276.195222494,2,0.098684807
1276.293907302,2,0.127709751
1276.421617052,2,0.243809524
1276.665426576,2,0.110294785
1276.775721361,2,0.121904762
1276.897626122,2,0.121904762
1277.019530884,2,0.098684807
1277.118215692,2,0.087074830
1277.205290522,2,0.104489796
1277.309780317,2,0.162539683
1277.472320000,2,0.110294785
1277.582614785,2,0.104489796
1277.687104580,2,0.127709751
1277.814814331,2,0.121904762
1277.936719093,2,0.121904762
1278.058623855,2,0.116099773
1278.174723628,2,0.116099773
1278.290823401,2,0.116099773
1278.406923175,2,0.110294785
1278.517217959,2,0.110294785
1278.627512744,2,0.133514739
1278.761027483,2,0.127709751
1278.888737234,2,0.121904762
1279.010641995,2,0.139319728
1279.149961723,2,0.127709751
1279.277671474,2,0.116099773
1279.393771247,2,0.127709751
1279.521480998,2,0.104489796
1279.625970794,2,0.098684807
1279.724655601,2,0.116099773
1279.840755374,2,0.156734694
1279.997490068,2,0.127709751
1280.125199819,2,0.116099773
1280.241299592,2,0.116099773
1280.357399365,2,0.110294785
1280.467694150,2,0.116099773
1280.583793923,2,0.139319728
1280.723113651,2,0.075464853
1280.798578503,2,0.174149660
1280.972728163,2,0.092879819
1281.065607982,2,0.156734694
1281.222342676,2,0.116099773
1281.338442449,2,0.104489796
1281.442932245,2,0.272834467
1281.715766712,2,0.098684807
1281.814451519,2,0.104489796
1281.918941315,2,0.110294785
1282.029236100,2,0.127709751
1282.156945850,2,0.098684807
1282.255630658,2,0.127709751
1282.383340408,2,0.261224490
1282.644564898,2,0.104489796
1282.749054694,2,0.121904762
1282.870959456,2,0.249614512
1283.120573968,2,0.104489796
1283.225063764,2,0.116099773
1283.341163537,2,0.261224490
1283.602388027,2,0.104489796
1283.706877823,2,0.104489796
1283.811367619,2,0.116099773
1283.927467392,2,0.133514739
1284.060982132,2,0.110294785
1284.171276916,2,0.127709751
1284.298986667,2,0.249614512
1284.548601179,2,0.116099773
1284.664700952,2,0.121904762
1284.786605714,2,0.104489796
1284.891095510,2,0.133514739
1285.024610249,2,0.104489796
1285.129100045,2,0.127709751
1285.256809796,2,0.284444444
1285.541254240,2,0.087074830
1285.628329070,2,0.150929705
1285.779258776,2,0.197369615
1285.976628390,2,0.110294785
1286.086923175,2,0.127709751
1286.214632925,2,0.365714286
1286.580347211,2,0.110294785
1286.690641995,2,0.116099773
1286.806741769,2,0.139319728
1286.946061497,2,0.104489796
1287.050551293,2,0.127709751
1287.178261043,2,0.110294785
1287.288555828,2,0.150929705
1287.439485533,2,0.087074830
1287.526560363,2,0.174149660
1287.700710023,2,0.174149660
1287.874859683,2,0.127709751
1288.002569433,2,0.104489796
1288.107059229,2,0.179954649
1288.287013878,2,0.058049887
1288.345063764,2,0.156734694
1288.501798458,2,0.354104308
1288.855902766,2,0.365714286
1289.221617052,2,0.487619048
1289.709236100,2,0.319274376
1290.028510476,2,0.388934240
1290.417444717,2,0.116099773
1290.533544490,2,0.563083900
1291.096628390,2,0.179954649
1291.276583039,2,0.075464853
1291.352047891,2,0.110294785
1291.462342676,2,0.145124717
1291.607467392,2,0.058049887
1291.665517279,2,0.075464853
1291.740982132,2,0.110294785
1291.851276916,2,0.203174603
1292.054451519,2,0.087074830
1292.141526349,2,0.110294785
1292.251821134,2,0.116099773
1292.367920907,2,0.052244898
1292.420165805,2,0.127709751
1292.547875556,2,0.127709751
1292.675585306,2,0.092879819
1292.768465125,2,0.104489796
1292.872954921,2,0.087074830
1292.960029751,2,0.226394558
1293.186424308,2,0.075464853
1293.261889161,2,0.150929705
1293.412818866,2,0.104489796
1293.517308662,2,0.127709751
1293.645018413,2,0.110294785
1293.755313197,2,0.110294785
1293.865607982,2,0.133514739
1293.999122721,2,0.185759637
1294.184882358,2,0.075464853
1294.260347211,2,0.139319728
1294.399666939,2,0.098684807
1294.498351746,2,0.145124717
1294.643476463,2,0.127709751
1294.771186213,2,0.133514739
1294.904700952,2,0.104489796
1295.009190748,2,0.145124717
1295.154315465,2,0.075464853
1295.229780317,2,0.075464853
1295.305245170,2,0.116099773
1295.421344943,2,0.092879819
1295.514224762,2,0.197369615
1295.711594376,2,0.069659864
1295.781254240,2,0.133514739
1295.914768980,2,0.092879819
1296.007648798,2,0.168344671
1296.175993469,2,0.185759637
1296.361753107,2,0.092879819
1296.454632925,2,0.052244898
1296.506877823,2,0.139319728
1296.646197551,2,0.267029478
1296.913227029,2,0.139319728
1297.052546757,2,0.081269841
1297.133816599,2,0.098684807
1297.232501406,2,0.121904762
1297.354406168,2,0.150929705
1297.505335873,2,0.104489796
1297.609825669,2,0.121904762
1297.731730431,2,0.092879819
1297.824610249,2,0.208979592
1298.033589841,2,0.208979592
1298.242569433,2,0.261224490
1298.503793923,2,0.121904762
1298.625698685,2,0.121904762
1298.747603447,2,0.098684807
1298.846288254,2,0.145124717
1298.991412971,2,0.104489796
1299.095902766,2,0.179954649
1299.275857415,2,0.127709751
1299.403567166,2,0.116099773
1299.519666939,2,0.249614512
1299.769281451,2,0.110294785
1299.879576236,2,0.145124717
1300.024700952,2,0.092879819
1300.117580771,2,0.145124717
1300.262705488,2,0.127709751
1300.390415238,2,0.121904762
1300.512320000,2,0.110294785
1300.622614785,2,0.139319728
1300.761934512,2,0.156734694
1300.918669206,2,0.139319728
1301.057988934,2,0.098684807
1301.156673741,2,0.319274376
1301.475948118,2,0.110294785
1301.586242902,2,0.191564626
1301.777807528,2,0.110294785
1301.888102313,2,0.133514739
1302.021617052,2,0.145124717
1302.166741769,2,0.139319728
1302.306061497,2,0.121904762
1302.427966259,2,0.098684807
1302.526651066,2,0.127709751
1302.654360816,2,0.092879819
1302.747240635,2,0.127709751
1302.874950385,2,0.098684807
1302.973635193,2,0.127709751
1303.101344943,2,0.249614512
1303.350959456,2,0.220589569
1303.571549025,2,0.052244898
1303.623793923,2,0.052244898
1303.676038821,2,0.087074830
1303.763113651,2,0.052244898
1303.815358549,2,0.081269841
1303.896628390,2,0.133514739
1304.030143129,2,0.319274376
1304.349417506,2,0.139319728
1304.488737234,2,0.127709751
1304.616446984,2,0.121904762
1304.738351746,2,0.214784580
1304.953136327,2,0.116099773
1305.069236100,2,0.110294785
1305.179530884,2,0.104489796
1305.284020680,2,0.168344671
1305.452365351,2,0.052244898
1305.504610249,2,0.168344671
1305.672954921,2,0.098684807
1305.771639728,2,0.127709751
1305.899349478,2,0.104489796
1306.003839274,2,0.121904762
1306.125744036,2,0.121904762
1306.247648798,2,0.121904762
1306.369553560,2,0.110294785
1306.479848345,2,0.156734694
1306.636583039,2,0.214784580
1306.851367619,2,0.104489796
1306.955857415,2,0.116099773
1307.071957188,2,0.145124717
1307.217081905,2,0.162539683
1307.379621587,2,0.371519274
1307.751140862,2,0.238004535
1307.989145397,2,0.075464853
1308.064610249,2,0.917188209
1308.981798458,2,0.081269841
1309.063068299,2,0.725623583
1309.788691882,2,0.261224490
1310.049916372,2,0.708208617
1313.167195283,2,0.063854875
1313.231050159,2,1.172607710
1316.975267846,2,0.743038549
1318.937354014,2,0.714013605
1321.468329070,2,0.267029478
1321.735358549,2,0.307664399
1322.043022948,2,0.116099773
1322.159122721,2,0.116099773
1322.275222494,2,0.098684807
1322.373907302,2,0.110294785
1322.484202086,2,0.087074830
1322.571276916,2,0.098684807
1322.669961723,2,0.104489796
1322.774451519,2,0.104489796
1322.878941315,2,0.139319728
1323.018261043,2,0.127709751
1323.145970794,2,0.145124717
1323.291095510,2,0.162539683
1323.453635193,2,0.400544218
1323.854179410,2,1.131972789
1324.986152200,2,0.365714286
1325.467966259,2,0.400544218
1325.984610249,2,0.580498866
1326.565109116,2,0.121904762
1326.687013878,2,0.162539683
1326.849553560,2,0.255419501
1327.279122721,2,0.272834467
1327.685471927,2,0.458594104
1328.144066032,2,0.133514739
1328.277580771,2,0.168344671
1328.445925442,2,0.423764172
1328.869689615,2,0.255419501
1329.281843810,2,0.446984127
1329.728827937,2,0.121904762
1329.850732698,2,0.162539683
1330.013272381,2,0.319274376
1330.396401633,2,0.301859410
1330.779530884,2,0.406349206
1331.185880091,2,0.121904762
1331.307784853,2,0.191564626
1331.499349478,2,0.365714286
1331.865063764,2,0.145124717
1332.010188481,2,0.168344671
1332.178533152,2,0.417959184
1332.596492336,2,0.261224490
1332.857716825,2,0.470204082
1333.327920907,2,0.365714286
1333.751685079,2,0.168344671
1333.920029751,2,0.179954649
1334.099984399,2,0.145124717
1334.245109116,2,0.150929705
1334.459893696,2,0.365714286
1334.825607982,2,0.133514739
1334.959122721,2,0.243809524
1335.202932245,2,0.510839002
1335.713771247,2,0.446984127
1336.160755374,2,0.626938776
1336.787694150,2,0.238004535
1337.025698685,2,0.156734694
1337.182433379,2,0.058049887
1337.240483265,2,0.168344671
1337.408827937,2,0.203174603
1337.612002540,2,0.150929705
1337.762932245,2,0.423764172
1338.186696417,2,0.162539683
1338.349236100,2,0.174149660
1338.523385760,2,0.412154195
1338.935539955,2,0.806893424
1339.742433379,2,0.220589569
1339.963022948,2,0.174149660
1340.137172608,2,0.185759637
1340.322932245,2,0.232199546
1340.555131791,2,0.191564626
1340.746696417,2,0.127709751
1340.874406168,2,0.075464853
1340.949871020,2,0.174149660
1341.124020680,2,0.075464853
1341.199485533,2,0.116099773
1341.315585306,2,0.336689342
1341.652274649,2,0.203174603
1341.855449252,2,0.208979592
1342.064428844,2,0.232199546
1342.296628390,2,0.563083900
1342.859712290,2,0.203174603
1343.062886893,2,0.133514739
1343.196401633,2,0.249614512
1343.446016145,2,0.139319728
1343.585335873,2,0.243809524
1343.829145397,2,0.174149660
1344.003295057,2,0.092879819
1344.096174875,2,0.243809524
1344.339984399,2,0.220589569
1344.560573968,2,0.121904762
1344.682478730,2,0.069659864
1344.752138594,2,0.197369615
1344.949508209,2,0.133514739
1345.083022948,2,0.197369615
1345.280392562,2,0.220589569
1345.500982132,2,0.168344671
1345.669326803,2,0.185759637
1345.855086440,2,0.174149660
1346.029236100,2,0.214784580
1346.244020680,2,0.220589569
1346.464610249,2,0.174149660
1346.638759909,2,0.197369615
1346.836129524,2,0.208979592
1347.045109116,2,0.174149660
1347.219258776,2,0.075464853
1347.294723628,2,0.121904762
1347.416628390,2,0.185759637
1347.602388027,2,0.156734694
1347.759122721,2,0.092879819
1347.852002540,2,0.429569161
1348.281571701,2,0.162539683
1348.444111383,2,0.191564626
1348.635676009,2,0.481814059
1349.117490068,2,0.394739229
1349.512229297,2,0.208979592
1349.721208889,2,0.156734694
1349.877943583,2,0.185759637
1350.063703220,2,0.203174603
1350.266877823,2,0.139319728
1350.406197551,2,0.179954649
1350.586152200,2,0.156734694
1350.742886893,2,0.203174603
1350.946061497,2,0.179954649
1351.126016145,2,0.214784580
1351.340800726,2,0.499229025
1351.840029751,2,0.052244898
1351.892274649,2,0.092879819
1351.985154467,2,0.301859410
1352.287013878,2,0.510839002
1352.815267846,2,0.377324263
1353.192592109,2,0.116099773
1353.308691882,2,0.121904762
1353.430596644,2,0.121904762
1353.552501406,2,0.121904762
1353.674406168,2,0.133514739
1353.807920907,2,0.110294785
1353.918215692,2,0.110294785
1354.028510476,2,0.110294785
1354.138805261,2,0.110294785
1354.249100045,2,0.121904762
1354.371004807,2,0.290249433
1354.661254240,2,0.638548753
1356.350505941,2,0.249614512
1356.814905034,2,0.574693878
1357.389598912,2,0.104489796
1357.494088707,2,0.162539683
1357.656628390,2,0.406349206
1358.062977596,2,0.400544218
1358.463521814,2,0.505034014
1358.968555828,2,0.098684807
1359.067240635,2,0.156734694
1359.223975329,2,0.185759637
1359.653544490,2,0.406349206
1360.059893696,2,0.348299320
1360.472047891,2,0.127709751
1360.599757642,2,0.203174603
1360.802932245,2,0.371519274
1361.174451519,2,0.156734694
1361.331186213,2,0.133514739
1361.534360816,2,0.487619048
1362.021979864,2,0.284444444
1362.306424308,2,0.963628118
1363.270052426,2,0.127709751
1363.397762177,2,0.116099773
1363.513861950,2,0.133514739
1363.647376689,2,0.116099773
1363.763476463,2,0.156734694
1363.920211156,2,0.110294785
1364.030505941,2,0.116099773
1364.146605714,2,0.127709751
1364.274315465,2,0.121904762
1364.396220227,2,0.116099773
1364.512320000,2,0.156734694
1364.669054694,2,0.446984127
1365.116038821,2,0.278639456
1365.592047891,2,0.081269841
1365.673317732,2,0.493424036
1366.166741769,2,0.197369615
1366.364111383,2,0.191564626
1366.555676009,2,0.104489796
1366.660165805,2,0.092879819
1366.753045624,2,0.104489796
1366.857535420,2,0.098684807
1366.956220227,2,0.087074830
1367.043295057,2,0.104489796
1367.147784853,2,0.110294785
1367.258079637,2,0.098684807
1367.356764444,2,0.081269841
1367.438034286,2,0.127709751
1367.565744036,2,0.098684807
1367.664428844,2,0.121904762
1367.786333605,2,0.092879819
1367.879213424,2,0.226394558
1368.105607982,2,0.592108844
1368.697716825,2,0.104489796
1368.802206621,2,0.203174603
1369.005381224,2,0.145124717
1369.150505941,2,0.156734694
1369.307240635,2,0.104489796
1369.411730431,2,0.063854875
1369.475585306,2,0.104489796
1369.580075102,2,0.116099773
1369.696174875,2,0.075464853
1369.771639728,2,0.081269841
1369.852909569,2,0.069659864
1369.922569433,2,0.069659864
1369.992229297,2,0.087074830
1370.079304127,2,0.058049887
1370.137354014,2,0.069659864
1370.207013878,2,0.081269841
1370.288283719,2,0.063854875
1370.352138594,2,0.087074830
1370.439213424,2,0.069659864
1370.508873288,2,0.121904762
1370.630778050,2,0.185759637
1370.816537687,2,0.226394558
1371.042932245,2,0.058049887
1371.100982132,2,0.110294785
1371.211276916,2,0.063854875
1371.275131791,2,0.069659864
1371.344791655,2,0.087074830
1371.431866485,2,0.116099773
1371.547966259,2,0.052244898
1371.600211156,2,0.069659864
1371.669871020,2,0.063854875
1371.733725896,2,0.087074830
1371.820800726,2,0.069659864
1371.890460590,2,0.139319728
1372.029780317,2,0.121904762
1372.151685079,2,0.110294785
1372.261979864,2,0.121904762
1372.383884626,2,0.214784580
1372.598669206,2,0.150929705
1372.749598912,2,0.104489796
1372.854088707,2,0.127709751
1372.981798458,2,0.069659864
1373.051458322,2,0.087074830
1373.138533152,2,0.139319728
1373.277852880,2,0.075464853
1373.353317732,2,0.081269841
1373.434587574,2,0.069659864
1373.504247438,2,0.162539683
1373.666787120,2,0.104489796
1373.771276916,2,0.121904762
1373.893181678,2,0.098684807
1373.991866485,2,0.075464853
1374.067331338,2,0.087074830
1374.154406168,2,0.168344671
1374.322750839,2,0.145124717
1374.467875556,2,0.081269841
1374.549145397,2,0.110294785
1374.659440181,2,0.087074830
1374.746515011,2,0.313469388
1375.059984399,2,0.156734694
1375.216719093,2,0.075464853
1375.292183946,2,0.203174603
1375.495358549,2,0.104489796
1375.599848345,2,0.139319728
1375.739168073,2,0.145124717
1375.884292789,2,0.133514739
1376.017807528,2,0.139319728
1376.157127256,2,0.150929705
1376.308056961,2,0.110294785
1376.418351746,2,0.150929705
1376.569281451,2,0.191564626
1376.760846077,2,0.325079365
1377.085925442,2,0.185759637
1377.271685079,2,0.145124717
1377.416809796,2,0.145124717
1377.561934512,2,0.278639456
1377.840573968,2,0.139319728
1377.979893696,2,0.150929705
1378.130823401,2,0.139319728
1378.270143129,2,0.139319728
1378.409462857,2,0.174149660
1378.583612517,2,0.081269841
1378.664882358,2,0.063854875
1378.728737234,2,0.127709751
1378.856446984,2,0.214784580
1379.071231565,2,0.249614512
1379.320846077,2,0.301859410
1379.622705488,2,0.121904762
1379.744610249,2,0.284444444
1380.029054694,2,0.121904762
1380.150959456,2,0.162539683
1380.313499138,2,0.127709751
1380.441208889,2,0.400544218
1380.841753107,2,0.127709751
1380.969462857,2,0.133514739
1381.102977596,2,0.272834467
1381.375812063,2,0.145124717
1381.520936780,2,0.145124717
1381.666061497,2,0.133514739
1381.799576236,2,0.116099773
1381.915676009,2,0.174149660
1382.089825669,2,0.116099773
1382.205925442,2,0.139319728
1382.345245170,2,0.226394558
1382.571639728,2,0.284444444
1382.856084172,2,0.127709751
1382.983793923,2,0.127709751
1383.111503673,2,0.127709751
1383.239213424,2,0.116099773
1383.355313197,2,0.168344671
1383.523657868,2,0.116099773
1383.639757642,2,0.133514739
1383.773272381,2,0.110294785
1383.883567166,2,0.133514739
1384.017081905,2,0.214784580
1384.231866485,2,0.127709751
1384.359576236,2,0.121904762
1384.481480998,2,0.261224490
1384.742705488,2,0.139319728
1384.882025215,2,0.179954649
1385.061979864,2,0.116099773
1385.178079637,2,0.127709751
1385.305789388,2,0.127709751
1385.433499138,2,0.133514739
1385.567013878,2,0.127709751
1385.694723628,2,0.214784580
1385.909508209,2,0.110294785
1386.019802993,2,0.133514739
1386.153317732,2,0.249614512
1386.402932245,2,0.139319728
1386.542251973,2,0.145124717
1386.687376689,2,0.127709751
1386.815086440,2,0.127709751
1386.942796190,2,0.168344671
1387.111140862,2,0.255419501
1387.366560363,2,0.092879819
1387.459440181,2,0.127709751
1387.587149932,2,0.255419501
1387.842569433,2,0.185759637
1388.028329070,2,0.238004535
1388.266333605,2,0.179954649
1388.446288254,2,0.423764172
1388.870052426,2,0.243809524
1389.113861950,2,0.092879819
1389.206741769,2,0.092879819
1389.299621587,2,0.452789116
1389.752410703,2,0.243809524
1389.996220227,2,0.226394558
1390.222614785,2,0.220589569
1390.443204354,2,0.127709751
1390.570914104,2,0.156734694
1390.727648798,2,0.174149660
1390.901798458,2,0.133514739
1391.035313197,2,0.179954649
1391.215267846,2,0.121904762
1391.337172608,2,0.406349206
1391.743521814,2,0.104489796
1391.848011610,2,0.098684807
1391.946696417,2,0.104489796
1392.051186213,2,0.087074830
1392.138261043,2,0.098684807
1392.236945850,2,0.087074830
1392.324020680,2,0.127709751
1392.451730431,2,0.075464853
1392.527195283,2,0.150929705
1392.678124989,2,0.075464853
1392.753589841,2,0.150929705
1392.904519546,2,0.185759637
1393.090279184,2,0.220589569
1393.310868753,2,0.092879819
1393.403748571,2,0.092879819
1393.496628390,2,0.092879819
1393.589508209,2,0.127709751
1393.717217959,2,0.092879819
1393.810097778,2,0.092879819
1393.902977596,2,0.226394558
1394.129372154,2,0.104489796
1394.233861950,2,0.150929705
1394.384791655,2,0.179954649
1394.564746304,2,0.098684807
1394.663431111,2,0.092879819
1394.756310930,2,0.121904762
1394.878215692,2,0.197369615
1395.075585306,2,0.075464853
1395.151050159,2,0.116099773
1395.267149932,2,0.116099773
1395.383249705,2,0.081269841
1395.464519546,2,0.110294785
1395.574814331,2,0.104489796
1395.679304127,2,0.110294785
1395.789598912,2,0.092879819
1395.882478730,2,0.104489796
1395.986968526,2,0.104489796
1396.091458322,2,0.133514739
1396.224973061,2,0.092879819
1396.317852880,2,0.121904762
1396.439757642,2,0.174149660
1396.613907302,2,0.092879819
1396.706787120,2,0.092879819
1396.799666939,2,0.092879819
1396.892546757,2,0.104489796
1396.997036553,2,0.104489796
1397.101526349,2,0.081269841
1397.182796190,2,0.092879819
1397.275676009,2,0.087074830
1397.362750839,2,0.203174603
1397.565925442,2,0.104489796
1397.670415238,2,0.145124717
1397.815539955,2,0.139319728
1397.954859683,2,0.272834467
1398.227694150,2,0.092879819
1398.320573968,2,0.121904762
1398.442478730,2,0.087074830
1398.529553560,2,0.098684807
1398.628238367,2,0.191564626
1398.819802993,2,0.203174603
1399.022977596,2,0.098684807
1399.121662404,2,0.098684807
1399.220347211,2,0.226394558
1399.498986667,2,0.116099773
1399.615086440,2,0.104489796
1399.719576236,2,0.104489796
1399.824066032,2,0.121904762
1399.945970794,2,0.116099773
1400.062070567,2,0.087074830
1400.149145397,2,0.191564626
1400.340710023,2,0.098684807
1400.439394830,2,0.092879819
1400.532274649,2,0.104489796
1400.636764444,2,0.110294785
1400.747059229,2,0.139319728
1400.886378957,2,0.092879819
1400.979258776,2,0.255419501
1401.234678277,2,0.092879819
1401.327558095,2,0.087074830
1401.414632925,2,0.238004535
1401.652637460,2,0.174149660
1401.826787120,2,0.249614512
1402.076401633,2,0.092879819
1402.169281451,2,0.087074830
1402.256356281,2,0.087074830
1402.343431111,2,0.168344671
1402.511775782,2,0.098684807
1402.610460590,2,0.197369615
1402.807830204,2,0.208979592
1403.016809796,2,0.185759637
1403.202569433,2,0.087074830
1403.289644263,2,0.249614512
1403.539258776,2,0.110294785
1403.649553560,2,0.087074830
1403.736628390,2,0.156734694
1403.893363084,2,0.069659864
1403.963022948,2,0.354104308
1404.317127256,2,0.296054422
1404.613181678,2,0.203174603
1404.816356281,2,0.243809524
1405.060165805,2,0.145124717
1405.205290522,2,0.139319728
1405.344610249,2,0.110294785
1405.454905034,2,0.179954649
1405.634859683,2,0.156734694
1405.791594376,2,0.075464853
1405.867059229,2,0.179954649
1406.047013878,2,0.110294785
1406.157308662,2,0.116099773
1406.273408435,2,0.191564626
1406.464973061,2,0.121904762
1406.586877823,2,0.150929705
1406.737807528,2,0.156734694
1406.894542222,2,0.150929705
1407.045471927,2,0.133514739
1407.178986667,2,0.168344671
1407.347331338,2,0.127709751
1407.475041088,2,0.145124717
1407.620165805,2,0.174149660
1407.794315465,2,0.127709751
1407.922025215,2,0.127709751
1408.049734966,2,0.150929705
1408.200664671,2,0.139319728
1408.339984399,2,0.127709751
1408.467694150,2,0.127709751
1408.595403900,2,0.127709751
1408.723113651,2,0.121904762
1408.845018413,2,0.139319728
1408.984338141,2,0.121904762
1409.106242902,2,0.121904762
1409.228147664,2,0.127709751
1409.355857415,2,0.121904762
1409.477762177,2,0.116099773
1409.593861950,2,0.156734694
1409.750596644,2,0.121904762
1409.872501406,2,0.133514739
1410.006016145,2,0.127709751
1410.133725896,2,0.261224490
1410.394950385,2,0.139319728
1410.534270113,2,0.139319728
1410.673589841,2,0.127709751
1410.801299592,2,0.179954649
1410.981254240,2,0.133514739
1411.114768980,2,0.058049887
1411.172818866,2,0.092879819
1411.265698685,2,0.185759637
1411.567558095,2,0.313469388
1411.881027483,2,0.116099773
1411.997127256,2,0.127709751
1412.124837007,2,0.127709751
1412.252546757,2,0.116099773
1412.368646531,2,0.150929705
1412.519576236,2,0.145124717
1412.664700952,2,0.127709751
1412.792410703,2,0.168344671
1412.960755374,2,0.127709751
1413.088465125,2,0.185759637
1413.274224762,2,0.278639456
1413.552864218,2,0.133514739
1413.686378957,2,0.133514739
1413.819893696,2,0.133514739
1413.953408435,2,0.110294785
1414.063703220,2,0.150929705
1414.214632925,2,0.127709751
1414.342342676,2,0.145124717
1414.487467392,2,0.150929705
1414.638397098,2,0.121904762
1414.760301859,2,0.162539683
1414.922841542,2,0.104489796
1415.027331338,2,0.174149660
1415.201480998,2,0.214784580
1415.416265578,2,0.121904762
1415.538170340,2,0.156734694
1415.694905034,2,0.133514739
1415.828419773,2,0.133514739
1415.961934512,2,0.116099773
1416.078034286,2,0.156734694
1416.234768980,2,0.127709751
1416.362478730,2,0.133514739
1416.495993469,2,0.150929705
1416.646923175,2,0.127709751
1416.774632925,2,0.156734694
1416.931367619,2,0.220589569
1417.151957188,2,0.272834467
1417.424791655,2,0.121904762
1417.546696417,2,0.197369615
1417.744066032,2,0.191564626
1417.935630658,2,0.098684807
1418.034315465,2,0.092879819
1418.127195283,2,0.203174603
1418.330369887,2,0.098684807
1418.429054694,2,0.145124717
1418.574179410,2,0.116099773
1418.690279184,2,0.121904762
1418.812183946,2,0.139319728
1418.951503673,2,0.139319728
1419.090823401,2,0.145124717
1419.235948118,2,0.116099773
1419.352047891,2,0.127709751
1419.479757642,2,0.139319728
1419.619077370,2,0.110294785
1419.729372154,2,0.133514739
1419.862886893,2,0.116099773
1419.978986667,2,0.075464853
1420.054451519,2,0.063854875
1420.118306395,2,0.110294785
1420.228601179,2,0.145124717
1420.373725896,2,0.116099773
1420.489825669,2,0.081269841
1420.571095510,2,0.127709751
1420.698805261,2,0.127709751
1420.826515011,2,0.104489796
1420.931004807,2,0.104489796
1421.035494603,2,0.104489796
1421.139984399,2,0.110294785
1421.250279184,2,0.104489796
1421.354768980,2,0.087074830
1421.441843810,2,0.121904762
1421.563748571,2,0.116099773
1421.679848345,2,0.104489796
1421.784338141,2,0.098684807
1421.883022948,2,0.092879819
1421.975902766,2,0.110294785
1422.086197551,2,0.121904762
1422.208102313,2,0.081269841
1422.289372154,2,0.104489796
1422.393861950,2,0.104489796
1422.498351746,2,0.104489796
1422.602841542,2,0.098684807
1422.701526349,2,0.110294785
1422.811821134,2,0.116099773
1422.927920907,2,0.092879819
1423.020800726,2,0.110294785
1423.131095510,2,0.104489796
1423.235585306,2,0.110294785
1423.345880091,2,0.087074830
1423.432954921,2,0.133514739
1423.566469660,2,0.104489796
1423.670959456,2,0.116099773
1423.787059229,2,0.092879819
1423.879939048,2,0.110294785
1423.990233832,2,0.127709751
1424.117943583,2,0.104489796
1424.222433379,2,0.110294785
1424.332728163,2,0.092879819
1424.425607982,2,0.116099773
1424.541707755,2,0.139319728
1424.681027483,2,0.081269841
1424.762297324,2,0.110294785
1424.872592109,2,0.069659864
1424.942251973,2,0.203174603
1425.145426576,2,0.139319728
1425.284746304,2,0.127709751
1425.412456054,2,0.121904762
1425.534360816,2,0.174149660
1425.842025215,2,0.371519274
1426.213544490,2,0.139319728
1426.352864218,2,0.116099773
1426.468963991,2,0.127709751
1426.596673741,2,0.104489796
1426.701163537,2,0.104489796
1426.805653333,2,0.104489796
1426.910143129,2,0.092879819
1427.003022948,2,0.104489796
1427.107512744,2,0.116099773
1427.223612517,2,0.098684807
1427.322297324,2,0.116099773
1427.438397098,2,0.116099773
1427.554496871,2,0.116099773
1427.670596644,2,0.110294785
1427.780891429,2,0.168344671
1427.949236100,2,0.319274376
1428.268510476,2,0.208979592
1428.477490068,2,0.121904762
1428.599394830,2,0.110294785
1428.709689615,2,0.098684807
1428.808374422,2,0.110294785
1428.918669206,2,0.098684807
1429.017354014,2,0.104489796
1429.121843810,2,0.098684807
1429.220528617,2,0.092879819
1429.313408435,2,0.116099773
1429.429508209,2,0.121904762
1429.551412971,2,0.121904762
1429.673317732,2,0.087074830
1429.760392562,2,0.145124717
1429.905517279,2,0.104489796
1430.010007075,2,0.330884354
1430.340891429,2,0.098684807
1430.439576236,2,0.116099773
1430.555676009,2,0.092879819
1430.648555828,2,0.116099773
1430.764655601,2,0.092879819
1430.857535420,2,0.110294785
1430.967830204,2,0.110294785
1431.078124989,2,0.121904762
1431.200029751,2,0.098684807
1431.298714558,2,0.150929705
1431.449644263,2,0.104489796
1431.554134059,2,0.267029478
1431.826968526,2,0.441179138
1432.268147664,2,0.330884354
1432.599032018,2,0.226394558
1432.825426576,2,0.278639456
1433.104066032,2,0.394739229
1433.498805261,2,0.214784580
1433.713589841,2,0.127709751
1433.841299592,2,0.121904762
1433.963204354,2,0.406349206
1434.369553560,2,0.208979592
1434.578533152,2,0.632743764
1435.211276916,2,0.272834467
1435.484111383,2,0.168344671
1435.652456054,2,0.133514739
1435.785970794,2,0.121904762
1435.907875556,2,0.406349206
1436.314224762,2,0.208979592
1436.523204354,2,0.098684807
1436.621889161,2,0.290249433
1436.912138594,2,0.261224490
1437.173363084,2,0.394739229
1437.568102313,2,0.098684807
1437.666787120,2,0.110294785
1437.777081905,2,0.214784580
1437.991866485,2,0.203174603
1438.195041088,2,0.197369615
1438.392410703,2,0.446984127
1438.839394830,2,0.272834467
1439.112229297,2,0.145124717
1439.257354014,2,0.417959184
1439.675313197,2,0.127709751
1439.803022948,2,0.174149660
1439.977172608,2,0.110294785
1440.087467392,2,0.307664399
1440.395131791,2,0.127709751
1440.522841542,2,0.284444444
1440.807285986,2,0.104489796
1440.911775782,2,0.267029478
1441.178805261,2,0.121904762
1441.300710023,2,0.284444444
1441.585154467,2,0.116099773
1441.701254240,2,0.267029478
1441.968283719,2,0.156734694
1442.125018413,2,0.133514739
1442.258533152,2,0.121904762
1442.380437914,2,0.092879819
1442.473317732,2,0.092879819
1442.566197551,2,0.110294785
1442.676492336,2,0.116099773
1442.792592109,2,0.185759637
1442.978351746,2,0.168344671
1443.146696417,2,0.087074830
1443.233771247,2,0.075464853
1443.309236100,2,0.092879819
1443.402115918,2,0.116099773
1443.518215692,2,0.098684807
1443.616900499,2,0.220589569
1443.837490068,2,0.261224490
1444.098714558,2,0.104489796
1444.203204354,2,0.087074830
1444.290279184,2,0.104489796
1444.394768980,2,0.116099773
1444.510868753,2,0.063854875
1444.574723628,2,0.133514739
1444.708238367,2,0.150929705
1444.859168073,2,0.098684807
1444.957852880,2,0.098684807
1445.056537687,2,0.098684807
1445.155222494,2,0.133514739
1445.288737234,2,0.098684807
1445.387422041,2,0.104489796
1445.491911837,2,0.185759637
1445.677671474,2,0.684988662
1446.937354014,2,0.528253968
1448.179621587,2,0.063854875
1448.243476463,2,0.493424036
